id,email,birth_date,birth_date_year,age,sex,province,location,distance,steps,weight,weather,time
1,seoyeonsong@daum.net,1964-11-23,1964,59,남자,서울특별시,경기도 수원시 권선구 권선동,2559,3656,58,맑으나 때때로 구름,2023-10-03 0:00
1,seoyeonsong@daum.net,1964-11-23,1964,59,남자,서울특별시,경기도 수원시 권선구 권선동,2545,3636,58,맑으나 때때로 구름,2023-10-03 0:30
1,seoyeonsong@daum.net,1964-11-23,1964,59,남자,서울특별시,경기도 수원시 권선구 권선동,715,1021,58,맑으나 때때로 구름,2023-10-03 1:00
1,seoyeonsong@daum.net,1964-11-23,1964,59,남자,서울특별시,경기도 수원시 권선구 권선동,555,793,58,맑으나 때때로 구름,2023-10-03 1:30
1,seoyeonsong@daum.net,1964-11-23,1964,59,남자,서울특별시,경기도 수원시 권선구 권선동,1495,2136,58,맑으나 때때로 구름,2023-10-03 2:00
1,seoyeonsong@daum.net,1964-11-23,1964,59,남자,서울특별시,경기도 수원시 권선구 권선동,788,1126,58,맑으나 때때로 구름,2023-10-03 2:30
1,seoyeonsong@daum.net,1964-11-23,1964,59,남자,서울특별시,경기도 수원시 권선구 권선동,2079,2970,58,맑으나 때때로 구름,2023-10-03 3:00
1,seoyeonsong@daum.net,1964-11-23,1964,59,남자,서울특별시,경기도 수원시 권선구 권선동,2429,3470,58,맑으나 때때로 구름,2023-10-03 3:30
1,seoyeonsong@daum.net,1964-11-23,1964,59,남자,서울특별시,경기도 수원시 권선구 권선동,1405,2007,58,맑으나 때때로 구름,2023-10-03 4:00
1,seoyeonsong@daum.net,1964-11-23,1964,59,남자,서울특별시,경기도 수원시 권선구 권선동,814,1163,58,맑으나 때때로 구름,2023-10-03 4:30
1,seoyeonsong@daum.net,1964-11-23,1964,59,남자,서울특별시,경기도 수원시 권선구 권선동,2720,3886,58,대체로 맑음,2023-10-03 5:00
1,seoyeonsong@daum.net,1964-11-23,1964,59,남자,서울특별시,경기도 수원시 권선구 권선동,2436,3480,58,대체로 맑음,2023-10-03 5:30
1,seoyeonsong@daum.net,1964-11-23,1964,59,남자,서울특별시,경기도 수원시 권선구 권선동,1981,2830,58,대체로 맑음,2023-10-03 6:00
1,seoyeonsong@daum.net,1964-11-23,1964,59,남자,서울특별시,경기도 수원시 권선구 권선동,939,1341,58,대체로 맑음,2023-10-03 6:30
1,seoyeonsong@daum.net,1964-11-23,1964,59,남자,서울특별시,경기도 수원시 권선구 권선동,1748,2497,58,대체로 맑음,2023-10-03 7:00
1,seoyeonsong@daum.net,1964-11-23,1964,59,남자,서울특별시,경기도 수원시 권선구 권선동,1749,2499,58,대체로 맑음,2023-10-03 7:30
1,seoyeonsong@daum.net,1964-11-23,1964,59,남자,서울특별시,경기도 수원시 권선구 권선동,1228,1754,58,대체로 맑음,2023-10-03 8:00
1,seoyeonsong@daum.net,1964-11-23,1964,59,남자,서울특별시,경기도 수원시 권선구 권선동,795,1136,58,대체로 맑음,2023-10-03 8:30
1,seoyeonsong@daum.net,1964-11-23,1964,59,남자,서울특별시,경기도 수원시 권선구 권선동,785,1121,58,대체로 맑음,2023-10-03 9:00
1,seoyeonsong@daum.net,1964-11-23,1964,59,남자,서울특별시,경기도 수원시 권선구 권선동,1032,1474,58,대체로 맑음,2023-10-03 9:30
1,seoyeonsong@daum.net,1964-11-23,1964,59,남자,서울특별시,경기도 수원시 권선구 권선동,1145,1636,58,대체로 맑음,2023-10-03 10:00
1,seoyeonsong@daum.net,1964-11-23,1964,59,남자,서울특별시,경기도 수원시 권선구 권선동,1452,2074,58,대체로 맑음,2023-10-03 10:30
1,seoyeonsong@daum.net,1964-11-23,1964,59,남자,서울특별시,경기도 수원시 권선구 권선동,719,1027,58,대체로 맑음,2023-10-03 11:00
1,seoyeonsong@daum.net,1964-11-23,1964,59,남자,서울특별시,경기도 수원시 권선구 권선동,2672,3817,58,대체로 맑음,2023-10-03 11:30
1,seoyeonsong@daum.net,1964-11-23,1964,59,남자,서울특별시,경기도 수원시 권선구 권선동,615,879,58,대체로 맑음,2023-10-03 12:00
1,seoyeonsong@daum.net,1964-11-23,1964,59,남자,서울특별시,경기도 수원시 권선구 권선동,795,1136,58,대체로 맑음,2023-10-03 12:30
1,seoyeonsong@daum.net,1964-11-23,1964,59,남자,서울특별시,경기도 수원시 권선구 권선동,1938,2769,58,대체로 맑음,2023-10-03 13:00
1,seoyeonsong@daum.net,1964-11-23,1964,59,남자,서울특별시,경기도 수원시 권선구 권선동,2174,3106,58,대체로 맑음,2023-10-03 13:30
1,seoyeonsong@daum.net,1964-11-23,1964,59,남자,서울특별시,경기도 수원시 권선구 권선동,1013,1447,58,대체로 맑음,2023-10-03 14:00
1,seoyeonsong@daum.net,1964-11-23,1964,59,남자,서울특별시,경기도 수원시 권선구 권선동,1060,1514,58,대체로 맑음,2023-10-03 14:30
1,seoyeonsong@daum.net,1964-11-23,1964,59,남자,서울특별시,경기도 수원시 권선구 권선동,2062,2946,58,대체로 맑음,2023-10-03 15:00
1,seoyeonsong@daum.net,1964-11-23,1964,59,남자,서울특별시,경기도 수원시 권선구 권선동,1898,2711,58,대체로 맑음,2023-10-03 15:30
1,seoyeonsong@daum.net,1964-11-23,1964,59,남자,서울특별시,경기도 수원시 권선구 권선동,1453,2076,58,대체로 맑음,2023-10-03 16:00
1,seoyeonsong@daum.net,1964-11-23,1964,59,남자,서울특별시,경기도 수원시 권선구 권선동,2664,3806,58,대체로 맑음,2023-10-03 16:30
1,seoyeonsong@daum.net,1964-11-23,1964,59,남자,서울특별시,경기도 수원시 권선구 권선동,1972,2817,58,대체로 맑음,2023-10-03 17:00
1,seoyeonsong@daum.net,1964-11-23,1964,59,남자,서울특별시,경기도 수원시 권선구 권선동,2049,2927,58,대체로 맑음,2023-10-03 17:30
1,seoyeonsong@daum.net,1964-11-23,1964,59,남자,서울특별시,경기도 수원시 권선구 권선동,671,959,58,맑으나 때때로 구름,2023-10-03 18:00
1,seoyeonsong@daum.net,1964-11-23,1964,59,남자,서울특별시,경기도 수원시 권선구 권선동,1248,1783,58,맑으나 때때로 구름,2023-10-03 18:30
1,seoyeonsong@daum.net,1964-11-23,1964,59,남자,서울특별시,경기도 수원시 권선구 권선동,2405,3436,58,맑으나 때때로 구름,2023-10-03 19:00
1,seoyeonsong@daum.net,1964-11-23,1964,59,남자,서울특별시,경기도 수원시 권선구 권선동,1390,1986,58,맑으나 때때로 구름,2023-10-03 19:30
1,seoyeonsong@daum.net,1964-11-23,1964,59,남자,서울특별시,경기도 수원시 권선구 권선동,1890,2700,58,맑으나 때때로 구름,2023-10-03 20:00
1,seoyeonsong@daum.net,1964-11-23,1964,59,남자,서울특별시,경기도 수원시 권선구 권선동,1444,2063,58,맑으나 때때로 구름,2023-10-03 20:30
1,seoyeonsong@daum.net,1964-11-23,1964,59,남자,서울특별시,경기도 수원시 권선구 권선동,2449,3499,58,맑으나 때때로 구름,2023-10-03 21:00
1,seoyeonsong@daum.net,1964-11-23,1964,59,남자,서울특별시,경기도 수원시 권선구 권선동,1957,2796,58,맑으나 때때로 구름,2023-10-03 21:30
1,seoyeonsong@daum.net,1964-11-23,1964,59,남자,서울특별시,경기도 수원시 권선구 권선동,807,1153,58,맑으나 때때로 구름,2023-10-03 22:00
1,seoyeonsong@daum.net,1964-11-23,1964,59,남자,서울특별시,경기도 수원시 권선구 권선동,2787,3981,58,맑으나 때때로 구름,2023-10-03 22:30
1,seoyeonsong@daum.net,1964-11-23,1964,59,남자,서울특별시,경기도 수원시 권선구 권선동,2465,3521,58,맑으나 때때로 구름,2023-10-03 23:00
1,seoyeonsong@daum.net,1964-11-23,1964,59,남자,서울특별시,경기도 수원시 권선구 권선동,700,1000,58,맑으나 때때로 구름,2023-10-03 23:30
2,sanghun77@live.com,1974-02-19,1974,49,여자,전라남도,강원도 춘천시 석사동,2559,3656,48,소나기,2023-10-03 0:00
2,sanghun77@live.com,1974-02-19,1974,49,여자,전라남도,강원도 춘천시 석사동,2545,3636,48,맑음,2023-10-03 0:30
2,sanghun77@live.com,1974-02-19,1974,49,여자,전라남도,강원도 춘천시 석사동,715,1021,48,맑음,2023-10-03 1:00
2,sanghun77@live.com,1974-02-19,1974,49,여자,전라남도,강원도 춘천시 석사동,555,793,48,맑음,2023-10-03 1:30
2,sanghun77@live.com,1974-02-19,1974,49,여자,전라남도,강원도 춘천시 석사동,1495,2136,48,맑으나 때때로 구름,2023-10-03 2:00
2,sanghun77@live.com,1974-02-19,1974,49,여자,전라남도,강원도 춘천시 석사동,788,1126,48,맑으나 때때로 구름,2023-10-03 2:30
2,sanghun77@live.com,1974-02-19,1974,49,여자,전라남도,강원도 춘천시 석사동,2079,2970,48,맑으나 때때로 구름,2023-10-03 3:00
2,sanghun77@live.com,1974-02-19,1974,49,여자,전라남도,강원도 춘천시 석사동,2429,3470,48,맑으나 때때로 구름,2023-10-03 3:30
2,sanghun77@live.com,1974-02-19,1974,49,여자,전라남도,강원도 춘천시 석사동,1405,2007,48,맑으나 때때로 구름,2023-10-03 4:00
2,sanghun77@live.com,1974-02-19,1974,49,여자,전라남도,강원도 춘천시 석사동,814,1163,48,맑으나 때때로 구름,2023-10-03 4:30
2,sanghun77@live.com,1974-02-19,1974,49,여자,전라남도,강원도 춘천시 석사동,2720,3886,48,맑으나 때때로 구름,2023-10-03 5:00
2,sanghun77@live.com,1974-02-19,1974,49,여자,전라남도,강원도 춘천시 석사동,2436,3480,48,맑으나 때때로 구름,2023-10-03 5:30
2,sanghun77@live.com,1974-02-19,1974,49,여자,전라남도,강원도 춘천시 석사동,1981,2830,48,맑으나 때때로 구름,2023-10-03 6:00
2,sanghun77@live.com,1974-02-19,1974,49,여자,전라남도,강원도 춘천시 석사동,939,1341,48,맑으나 때때로 구름,2023-10-03 6:30
2,sanghun77@live.com,1974-02-19,1974,49,여자,전라남도,강원도 춘천시 석사동,1748,2497,48,맑으나 때때로 구름,2023-10-03 7:00
2,sanghun77@live.com,1974-02-19,1974,49,여자,전라남도,강원도 춘천시 석사동,1749,2499,48,맑으나 때때로 구름,2023-10-03 7:30
2,sanghun77@live.com,1974-02-19,1974,49,여자,전라남도,강원도 춘천시 석사동,1228,1754,48,맑으나 때때로 구름,2023-10-03 8:00
2,sanghun77@live.com,1974-02-19,1974,49,여자,전라남도,강원도 춘천시 석사동,795,1136,48,맑으나 때때로 구름,2023-10-03 8:30
2,sanghun77@live.com,1974-02-19,1974,49,여자,전라남도,강원도 춘천시 석사동,785,1121,48,맑으나 때때로 구름,2023-10-03 9:00
2,sanghun77@live.com,1974-02-19,1974,49,여자,전라남도,강원도 춘천시 석사동,1032,1474,48,맑으나 때때로 구름,2023-10-03 9:30
2,sanghun77@live.com,1974-02-19,1974,49,여자,전라남도,강원도 춘천시 석사동,1145,1636,48,구름 조금,2023-10-03 10:00
2,sanghun77@live.com,1974-02-19,1974,49,여자,전라남도,강원도 춘천시 석사동,1452,2074,48,구름 조금,2023-10-03 10:30
2,sanghun77@live.com,1974-02-19,1974,49,여자,전라남도,강원도 춘천시 석사동,719,1027,48,구름 조금,2023-10-03 11:00
2,sanghun77@live.com,1974-02-19,1974,49,여자,전라남도,강원도 춘천시 석사동,2672,3817,48,구름 조금,2023-10-03 11:30
2,sanghun77@live.com,1974-02-19,1974,49,여자,전라남도,강원도 춘천시 석사동,615,879,48,구름 조금,2023-10-03 12:00
2,sanghun77@live.com,1974-02-19,1974,49,여자,전라남도,강원도 춘천시 석사동,795,1136,48,구름 조금,2023-10-03 12:30
2,sanghun77@live.com,1974-02-19,1974,49,여자,전라남도,강원도 춘천시 석사동,1938,2769,48,구름 조금,2023-10-03 13:00
2,sanghun77@live.com,1974-02-19,1974,49,여자,전라남도,강원도 춘천시 석사동,2174,3106,48,구름 조금,2023-10-03 13:30
2,sanghun77@live.com,1974-02-19,1974,49,여자,전라남도,강원도 춘천시 석사동,1013,1447,48,구름 조금,2023-10-03 14:00
2,sanghun77@live.com,1974-02-19,1974,49,여자,전라남도,강원도 춘천시 석사동,1060,1514,48,구름 조금,2023-10-03 14:30
2,sanghun77@live.com,1974-02-19,1974,49,여자,전라남도,강원도 춘천시 석사동,2062,2946,48,구름 조금,2023-10-03 15:00
2,sanghun77@live.com,1974-02-19,1974,49,여자,전라남도,강원도 춘천시 석사동,1898,2711,48,구름 조금,2023-10-03 15:30
2,sanghun77@live.com,1974-02-19,1974,49,여자,전라남도,강원도 춘천시 석사동,1453,2076,48,구름 조금,2023-10-03 16:00
2,sanghun77@live.com,1974-02-19,1974,49,여자,전라남도,강원도 춘천시 석사동,2664,3806,48,구름 조금,2023-10-03 16:30
2,sanghun77@live.com,1974-02-19,1974,49,여자,전라남도,강원도 춘천시 석사동,1972,2817,48,구름 조금,2023-10-03 17:00
2,sanghun77@live.com,1974-02-19,1974,49,여자,전라남도,강원도 춘천시 석사동,2049,2927,48,소나기,2023-10-03 17:30
2,sanghun77@live.com,1974-02-19,1974,49,여자,전라남도,강원도 춘천시 석사동,671,959,48,소나기,2023-10-03 18:00
2,sanghun77@live.com,1974-02-19,1974,49,여자,전라남도,강원도 춘천시 석사동,1248,1783,48,소나기,2023-10-03 18:30
2,sanghun77@live.com,1974-02-19,1974,49,여자,전라남도,강원도 춘천시 석사동,2405,3436,48,소나기,2023-10-03 19:00
2,sanghun77@live.com,1974-02-19,1974,49,여자,전라남도,강원도 춘천시 석사동,1390,1986,48,소나기,2023-10-03 19:30
2,sanghun77@live.com,1974-02-19,1974,49,여자,전라남도,강원도 춘천시 석사동,1890,2700,48,소나기,2023-10-03 20:00
2,sanghun77@live.com,1974-02-19,1974,49,여자,전라남도,강원도 춘천시 석사동,1444,2063,48,구름 조금,2023-10-03 20:30
2,sanghun77@live.com,1974-02-19,1974,49,여자,전라남도,강원도 춘천시 석사동,2449,3499,48,구름 조금,2023-10-03 21:00
2,sanghun77@live.com,1974-02-19,1974,49,여자,전라남도,강원도 춘천시 석사동,1957,2796,48,구름 조금,2023-10-03 21:30
2,sanghun77@live.com,1974-02-19,1974,49,여자,전라남도,강원도 춘천시 석사동,807,1153,48,구름 조금,2023-10-03 22:00
2,sanghun77@live.com,1974-02-19,1974,49,여자,전라남도,강원도 춘천시 석사동,2787,3981,48,구름 조금,2023-10-03 22:30
2,sanghun77@live.com,1974-02-19,1974,49,여자,전라남도,강원도 춘천시 석사동,2465,3521,48,맑음,2023-10-03 23:00
2,sanghun77@live.com,1974-02-19,1974,49,여자,전라남도,강원도 춘천시 석사동,700,1000,48,맑음,2023-10-03 23:30
3,sangceolgim@live.com,1970-06-25,1970,53,남자,제주도,전라남도 목포시 상동,2559,3656,55,구름 조금,2023-10-03 0:00
3,sangceolgim@live.com,1970-06-25,1970,53,남자,제주도,전라남도 목포시 상동,2545,3636,55,구름 조금,2023-10-03 0:30
3,sangceolgim@live.com,1970-06-25,1970,53,남자,제주도,전라남도 목포시 상동,715,1021,55,구름 조금,2023-10-03 1:00
3,sangceolgim@live.com,1970-06-25,1970,53,남자,제주도,전라남도 목포시 상동,555,793,55,구름 조금,2023-10-03 1:30
3,sangceolgim@live.com,1970-06-25,1970,53,남자,제주도,전라남도 목포시 상동,1495,2136,55,구름 조금,2023-10-03 2:00
3,sangceolgim@live.com,1970-06-25,1970,53,남자,제주도,전라남도 목포시 상동,788,1126,55,구름 조금,2023-10-03 2:30
3,sangceolgim@live.com,1970-06-25,1970,53,남자,제주도,전라남도 목포시 상동,2079,2970,55,구름 조금,2023-10-03 3:00
3,sangceolgim@live.com,1970-06-25,1970,53,남자,제주도,전라남도 목포시 상동,2429,3470,55,구름 조금,2023-10-03 3:30
3,sangceolgim@live.com,1970-06-25,1970,53,남자,제주도,전라남도 목포시 상동,1405,2007,55,구름 조금,2023-10-03 4:00
3,sangceolgim@live.com,1970-06-25,1970,53,남자,제주도,전라남도 목포시 상동,814,1163,55,구름 조금,2023-10-03 4:30
3,sangceolgim@live.com,1970-06-25,1970,53,남자,제주도,전라남도 목포시 상동,2720,3886,55,구름 조금,2023-10-03 5:00
3,sangceolgim@live.com,1970-06-25,1970,53,남자,제주도,전라남도 목포시 상동,2436,3480,55,구름 조금,2023-10-03 5:30
3,sangceolgim@live.com,1970-06-25,1970,53,남자,제주도,전라남도 목포시 상동,1981,2830,55,구름 조금,2023-10-03 6:00
3,sangceolgim@live.com,1970-06-25,1970,53,남자,제주도,전라남도 목포시 상동,939,1341,55,구름 조금,2023-10-03 6:30
3,sangceolgim@live.com,1970-06-25,1970,53,남자,제주도,전라남도 목포시 상동,1748,2497,55,구름 조금,2023-10-03 7:00
3,sangceolgim@live.com,1970-06-25,1970,53,남자,제주도,전라남도 목포시 상동,1749,2499,55,구름 조금,2023-10-03 7:30
3,sangceolgim@live.com,1970-06-25,1970,53,남자,제주도,전라남도 목포시 상동,1228,1754,55,구름 조금,2023-10-03 8:00
3,sangceolgim@live.com,1970-06-25,1970,53,남자,제주도,전라남도 목포시 상동,795,1136,55,구름 조금,2023-10-03 8:30
3,sangceolgim@live.com,1970-06-25,1970,53,남자,제주도,전라남도 목포시 상동,785,1121,55,구름 조금,2023-10-03 9:00
3,sangceolgim@live.com,1970-06-25,1970,53,남자,제주도,전라남도 목포시 상동,1032,1474,55,구름 조금,2023-10-03 9:30
3,sangceolgim@live.com,1970-06-25,1970,53,남자,제주도,전라남도 목포시 상동,1145,1636,55,구름 조금,2023-10-03 10:00
3,sangceolgim@live.com,1970-06-25,1970,53,남자,제주도,전라남도 목포시 상동,1452,2074,55,구름 조금,2023-10-03 10:30
3,sangceolgim@live.com,1970-06-25,1970,53,남자,제주도,전라남도 목포시 상동,719,1027,55,구름 조금,2023-10-03 11:00
3,sangceolgim@live.com,1970-06-25,1970,53,남자,제주도,전라남도 목포시 상동,2672,3817,55,구름 조금,2023-10-03 11:30
3,sangceolgim@live.com,1970-06-25,1970,53,남자,제주도,전라남도 목포시 상동,615,879,55,구름 조금,2023-10-03 12:00
3,sangceolgim@live.com,1970-06-25,1970,53,남자,제주도,전라남도 목포시 상동,795,1136,55,구름 조금,2023-10-03 12:30
3,sangceolgim@live.com,1970-06-25,1970,53,남자,제주도,전라남도 목포시 상동,1938,2769,55,구름 조금,2023-10-03 13:00
3,sangceolgim@live.com,1970-06-25,1970,53,남자,제주도,전라남도 목포시 상동,2174,3106,55,구름 조금,2023-10-03 13:30
3,sangceolgim@live.com,1970-06-25,1970,53,남자,제주도,전라남도 목포시 상동,1013,1447,55,구름 조금,2023-10-03 14:00
3,sangceolgim@live.com,1970-06-25,1970,53,남자,제주도,전라남도 목포시 상동,1060,1514,55,구름 조금,2023-10-03 14:30
3,sangceolgim@live.com,1970-06-25,1970,53,남자,제주도,전라남도 목포시 상동,2062,2946,55,구름 조금,2023-10-03 15:00
3,sangceolgim@live.com,1970-06-25,1970,53,남자,제주도,전라남도 목포시 상동,1898,2711,55,구름 조금,2023-10-03 15:30
3,sangceolgim@live.com,1970-06-25,1970,53,남자,제주도,전라남도 목포시 상동,1453,2076,55,구름 조금,2023-10-03 16:00
3,sangceolgim@live.com,1970-06-25,1970,53,남자,제주도,전라남도 목포시 상동,2664,3806,55,소나기,2023-10-03 16:30
3,sangceolgim@live.com,1970-06-25,1970,53,남자,제주도,전라남도 목포시 상동,1972,2817,55,소나기,2023-10-03 17:00
3,sangceolgim@live.com,1970-06-25,1970,53,남자,제주도,전라남도 목포시 상동,2049,2927,55,소나기,2023-10-03 17:30
3,sangceolgim@live.com,1970-06-25,1970,53,남자,제주도,전라남도 목포시 상동,671,959,55,소나기,2023-10-03 18:00
3,sangceolgim@live.com,1970-06-25,1970,53,남자,제주도,전라남도 목포시 상동,1248,1783,55,소나기,2023-10-03 18:30
3,sangceolgim@live.com,1970-06-25,1970,53,남자,제주도,전라남도 목포시 상동,2405,3436,55,소나기,2023-10-03 19:00
3,sangceolgim@live.com,1970-06-25,1970,53,남자,제주도,전라남도 목포시 상동,1390,1986,55,구름 조금,2023-10-03 19:30
3,sangceolgim@live.com,1970-06-25,1970,53,남자,제주도,전라남도 목포시 상동,1890,2700,55,구름 조금,2023-10-03 20:00
3,sangceolgim@live.com,1970-06-25,1970,53,남자,제주도,전라남도 목포시 상동,1444,2063,55,구름 조금,2023-10-03 20:30
3,sangceolgim@live.com,1970-06-25,1970,53,남자,제주도,전라남도 목포시 상동,2449,3499,55,구름 조금,2023-10-03 21:00
3,sangceolgim@live.com,1970-06-25,1970,53,남자,제주도,전라남도 목포시 상동,1957,2796,55,구름 조금,2023-10-03 21:30
3,sangceolgim@live.com,1970-06-25,1970,53,남자,제주도,전라남도 목포시 상동,807,1153,55,구름 조금,2023-10-03 22:00
3,sangceolgim@live.com,1970-06-25,1970,53,남자,제주도,전라남도 목포시 상동,2787,3981,55,구름 조금,2023-10-03 22:30
3,sangceolgim@live.com,1970-06-25,1970,53,남자,제주도,전라남도 목포시 상동,2465,3521,55,구름 조금,2023-10-03 23:00
3,sangceolgim@live.com,1970-06-25,1970,53,남자,제주도,전라남도 목포시 상동,700,1000,55,구름 조금,2023-10-03 23:30
4,xjo@gmail.com,1977-03-26,1977,46,남자,충청북도,경상북도 포항시 북구 우현동,3387,4839,62,대체로 흐림,2023-10-03 0:00
4,xjo@gmail.com,1977-03-26,1977,46,남자,충청북도,경상북도 포항시 북구 우현동,2993,4276,62,대체로 흐림,2023-10-03 0:30
4,xjo@gmail.com,1977-03-26,1977,46,남자,충청북도,경상북도 포항시 북구 우현동,1719,2456,62,대체로 흐림,2023-10-03 1:00
4,xjo@gmail.com,1977-03-26,1977,46,남자,충청북도,경상북도 포항시 북구 우현동,1698,2426,62,대체로 흐림,2023-10-03 1:30
4,xjo@gmail.com,1977-03-26,1977,46,남자,충청북도,경상북도 포항시 북구 우현동,1770,2529,62,대체로 흐림,2023-10-03 2:00
4,xjo@gmail.com,1977-03-26,1977,46,남자,충청북도,경상북도 포항시 북구 우현동,742,1060,62,대체로 흐림,2023-10-03 2:30
4,xjo@gmail.com,1977-03-26,1977,46,남자,충청북도,경상북도 포항시 북구 우현동,1958,2797,62,대체로 흐림,2023-10-03 3:00
4,xjo@gmail.com,1977-03-26,1977,46,남자,충청북도,경상북도 포항시 북구 우현동,3363,4804,62,대체로 흐림,2023-10-03 3:30
4,xjo@gmail.com,1977-03-26,1977,46,남자,충청북도,경상북도 포항시 북구 우현동,2307,3296,62,대체로 흐림,2023-10-03 4:00
4,xjo@gmail.com,1977-03-26,1977,46,남자,충청북도,경상북도 포항시 북구 우현동,1854,2649,62,대체로 흐림,2023-10-03 4:30
4,xjo@gmail.com,1977-03-26,1977,46,남자,충청북도,경상북도 포항시 북구 우현동,1444,2063,62,대체로 흐림,2023-10-03 5:00
4,xjo@gmail.com,1977-03-26,1977,46,남자,충청북도,경상북도 포항시 북구 우현동,885,1264,62,대체로 흐림,2023-10-03 5:30
4,xjo@gmail.com,1977-03-26,1977,46,남자,충청북도,경상북도 포항시 북구 우현동,3492,4989,62,대체로 흐림,2023-10-03 6:00
4,xjo@gmail.com,1977-03-26,1977,46,남자,충청북도,경상북도 포항시 북구 우현동,1524,2177,62,대체로 흐림,2023-10-03 6:30
4,xjo@gmail.com,1977-03-26,1977,46,남자,충청북도,경상북도 포항시 북구 우현동,1448,2069,62,대체로 흐림,2023-10-03 7:00
4,xjo@gmail.com,1977-03-26,1977,46,남자,충청북도,경상북도 포항시 북구 우현동,1364,1949,62,대체로 흐림,2023-10-03 7:30
4,xjo@gmail.com,1977-03-26,1977,46,남자,충청북도,경상북도 포항시 북구 우현동,1958,2797,62,대체로 흐림,2023-10-03 8:00
4,xjo@gmail.com,1977-03-26,1977,46,남자,충청북도,경상북도 포항시 북구 우현동,1130,1614,62,대체로 흐림,2023-10-03 8:30
4,xjo@gmail.com,1977-03-26,1977,46,남자,충청북도,경상북도 포항시 북구 우현동,1603,2290,62,대체로 흐림,2023-10-03 9:00
4,xjo@gmail.com,1977-03-26,1977,46,남자,충청북도,경상북도 포항시 북구 우현동,1702,2431,62,대체로 흐림,2023-10-03 9:30
4,xjo@gmail.com,1977-03-26,1977,46,남자,충청북도,경상북도 포항시 북구 우현동,1897,2710,62,대체로 흐림,2023-10-03 10:00
4,xjo@gmail.com,1977-03-26,1977,46,남자,충청북도,경상북도 포항시 북구 우현동,3135,4479,62,대체로 흐림,2023-10-03 10:30
4,xjo@gmail.com,1977-03-26,1977,46,남자,충청북도,경상북도 포항시 북구 우현동,914,1306,62,대체로 흐림,2023-10-03 11:00
4,xjo@gmail.com,1977-03-26,1977,46,남자,충청북도,경상북도 포항시 북구 우현동,2310,3300,62,대체로 흐림,2023-10-03 11:30
4,xjo@gmail.com,1977-03-26,1977,46,남자,충청북도,경상북도 포항시 북구 우현동,884,1263,62,대체로 흐림,2023-10-03 12:00
4,xjo@gmail.com,1977-03-26,1977,46,남자,충청북도,경상북도 포항시 북구 우현동,1391,1987,62,대체로 흐림,2023-10-03 12:30
4,xjo@gmail.com,1977-03-26,1977,46,남자,충청북도,경상북도 포항시 북구 우현동,1897,2710,62,대체로 흐림,2023-10-03 13:00
4,xjo@gmail.com,1977-03-26,1977,46,남자,충청북도,경상북도 포항시 북구 우현동,777,1110,62,대체로 흐림,2023-10-03 13:30
4,xjo@gmail.com,1977-03-26,1977,46,남자,충청북도,경상북도 포항시 북구 우현동,3253,4647,62,대체로 흐림,2023-10-03 14:00
4,xjo@gmail.com,1977-03-26,1977,46,남자,충청북도,경상북도 포항시 북구 우현동,2857,4081,62,대체로 흐림,2023-10-03 14:30
4,xjo@gmail.com,1977-03-26,1977,46,남자,충청북도,경상북도 포항시 북구 우현동,3233,4619,62,대체로 흐림,2023-10-03 15:00
4,xjo@gmail.com,1977-03-26,1977,46,남자,충청북도,경상북도 포항시 북구 우현동,1797,2567,62,대체로 흐림,2023-10-03 15:30
4,xjo@gmail.com,1977-03-26,1977,46,남자,충청북도,경상북도 포항시 북구 우현동,3104,4434,62,대체로 흐림,2023-10-03 16:00
4,xjo@gmail.com,1977-03-26,1977,46,남자,충청북도,경상북도 포항시 북구 우현동,411,587,62,대체로 흐림,2023-10-03 16:30
4,xjo@gmail.com,1977-03-26,1977,46,남자,충청북도,경상북도 포항시 북구 우현동,3120,4457,62,구름 조금,2023-10-03 17:00
4,xjo@gmail.com,1977-03-26,1977,46,남자,충청북도,경상북도 포항시 북구 우현동,676,966,62,구름 조금,2023-10-03 17:30
4,xjo@gmail.com,1977-03-26,1977,46,남자,충청북도,경상북도 포항시 북구 우현동,1907,2724,62,구름 조금,2023-10-03 18:00
4,xjo@gmail.com,1977-03-26,1977,46,남자,충청북도,경상북도 포항시 북구 우현동,1922,2746,62,구름 조금,2023-10-03 18:30
4,xjo@gmail.com,1977-03-26,1977,46,남자,충청북도,경상북도 포항시 북구 우현동,1451,2073,62,구름 조금,2023-10-03 19:00
4,xjo@gmail.com,1977-03-26,1977,46,남자,충청북도,경상북도 포항시 북구 우현동,1921,2744,62,구름 조금,2023-10-03 19:30
4,xjo@gmail.com,1977-03-26,1977,46,남자,충청북도,경상북도 포항시 북구 우현동,540,771,62,맑음,2023-10-03 20:00
4,xjo@gmail.com,1977-03-26,1977,46,남자,충청북도,경상북도 포항시 북구 우현동,2650,3786,62,맑음,2023-10-03 20:30
4,xjo@gmail.com,1977-03-26,1977,46,남자,충청북도,경상북도 포항시 북구 우현동,2941,4201,62,맑음,2023-10-03 21:00
4,xjo@gmail.com,1977-03-26,1977,46,남자,충청북도,경상북도 포항시 북구 우현동,2944,4206,62,맑음,2023-10-03 21:30
4,xjo@gmail.com,1977-03-26,1977,46,남자,충청북도,경상북도 포항시 북구 우현동,1922,2746,62,맑음,2023-10-03 22:00
4,xjo@gmail.com,1977-03-26,1977,46,남자,충청북도,경상북도 포항시 북구 우현동,3452,4931,62,맑음,2023-10-03 22:30
4,xjo@gmail.com,1977-03-26,1977,46,남자,충청북도,경상북도 포항시 북구 우현동,741,1059,62,맑음,2023-10-03 23:00
4,xjo@gmail.com,1977-03-26,1977,46,남자,충청북도,경상북도 포항시 북구 우현동,1524,2177,62,맑음,2023-10-03 23:30
5,zi@hanmail.net,1996-09-22,1996,27,남자,전라남도,충청북도 충주시 문화동,1727,2467,55,맑으나 때때로 구름,2023-10-03 0:00
5,zi@hanmail.net,1996-09-22,1996,27,남자,전라남도,충청북도 충주시 문화동,557,796,55,맑으나 때때로 구름,2023-10-03 0:30
5,zi@hanmail.net,1996-09-22,1996,27,남자,전라남도,충청북도 충주시 문화동,1957,2796,55,맑으나 때때로 구름,2023-10-03 1:00
5,zi@hanmail.net,1996-09-22,1996,27,남자,전라남도,충청북도 충주시 문화동,2481,3544,55,맑으나 때때로 구름,2023-10-03 1:30
5,zi@hanmail.net,1996-09-22,1996,27,남자,전라남도,충청북도 충주시 문화동,2018,2883,55,맑으나 때때로 구름,2023-10-03 2:00
5,zi@hanmail.net,1996-09-22,1996,27,남자,전라남도,충청북도 충주시 문화동,760,1086,55,맑으나 때때로 구름,2023-10-03 2:30
5,zi@hanmail.net,1996-09-22,1996,27,남자,전라남도,충청북도 충주시 문화동,1617,2310,55,맑으나 때때로 구름,2023-10-03 3:00
5,zi@hanmail.net,1996-09-22,1996,27,남자,전라남도,충청북도 충주시 문화동,1667,2381,55,맑으나 때때로 구름,2023-10-03 3:30
5,zi@hanmail.net,1996-09-22,1996,27,남자,전라남도,충청북도 충주시 문화동,3478,4969,55,맑으나 때때로 구름,2023-10-03 4:00
5,zi@hanmail.net,1996-09-22,1996,27,남자,전라남도,충청북도 충주시 문화동,3342,4774,55,맑으나 때때로 구름,2023-10-03 4:30
5,zi@hanmail.net,1996-09-22,1996,27,남자,전라남도,충청북도 충주시 문화동,1799,2570,55,맑으나 때때로 구름,2023-10-03 5:00
5,zi@hanmail.net,1996-09-22,1996,27,남자,전라남도,충청북도 충주시 문화동,1255,1793,55,맑으나 때때로 구름,2023-10-03 5:30
5,zi@hanmail.net,1996-09-22,1996,27,남자,전라남도,충청북도 충주시 문화동,1524,2177,55,맑으나 때때로 구름,2023-10-03 6:00
5,zi@hanmail.net,1996-09-22,1996,27,남자,전라남도,충청북도 충주시 문화동,1132,1617,55,맑으나 때때로 구름,2023-10-03 6:30
5,zi@hanmail.net,1996-09-22,1996,27,남자,전라남도,충청북도 충주시 문화동,1246,1780,55,맑으나 때때로 구름,2023-10-03 7:00
5,zi@hanmail.net,1996-09-22,1996,27,남자,전라남도,충청북도 충주시 문화동,3207,4581,55,맑으나 때때로 구름,2023-10-03 7:30
5,zi@hanmail.net,1996-09-22,1996,27,남자,전라남도,충청북도 충주시 문화동,2566,3666,55,맑으나 때때로 구름,2023-10-03 8:00
5,zi@hanmail.net,1996-09-22,1996,27,남자,전라남도,충청북도 충주시 문화동,3326,4751,55,맑으나 때때로 구름,2023-10-03 8:30
5,zi@hanmail.net,1996-09-22,1996,27,남자,전라남도,충청북도 충주시 문화동,2498,3569,55,맑으나 때때로 구름,2023-10-03 9:00
5,zi@hanmail.net,1996-09-22,1996,27,남자,전라남도,충청북도 충주시 문화동,1386,1980,55,맑으나 때때로 구름,2023-10-03 9:30
5,zi@hanmail.net,1996-09-22,1996,27,남자,전라남도,충청북도 충주시 문화동,2475,3536,55,맑으나 때때로 구름,2023-10-03 10:00
5,zi@hanmail.net,1996-09-22,1996,27,남자,전라남도,충청북도 충주시 문화동,2519,3599,55,맑으나 때때로 구름,2023-10-03 10:30
5,zi@hanmail.net,1996-09-22,1996,27,남자,전라남도,충청북도 충주시 문화동,1130,1614,55,맑으나 때때로 구름,2023-10-03 11:00
5,zi@hanmail.net,1996-09-22,1996,27,남자,전라남도,충청북도 충주시 문화동,585,836,55,맑으나 때때로 구름,2023-10-03 11:30
5,zi@hanmail.net,1996-09-22,1996,27,남자,전라남도,충청북도 충주시 문화동,1582,2260,55,맑으나 때때로 구름,2023-10-03 12:00
5,zi@hanmail.net,1996-09-22,1996,27,남자,전라남도,충청북도 충주시 문화동,868,1240,55,맑으나 때때로 구름,2023-10-03 12:30
5,zi@hanmail.net,1996-09-22,1996,27,남자,전라남도,충청북도 충주시 문화동,1270,1814,55,맑으나 때때로 구름,2023-10-03 13:00
5,zi@hanmail.net,1996-09-22,1996,27,남자,전라남도,충청북도 충주시 문화동,1656,2366,55,맑으나 때때로 구름,2023-10-03 13:30
5,zi@hanmail.net,1996-09-22,1996,27,남자,전라남도,충청북도 충주시 문화동,1894,2706,55,맑으나 때때로 구름,2023-10-03 14:00
5,zi@hanmail.net,1996-09-22,1996,27,남자,전라남도,충청북도 충주시 문화동,2987,4267,55,맑으나 때때로 구름,2023-10-03 14:30
5,zi@hanmail.net,1996-09-22,1996,27,남자,전라남도,충청북도 충주시 문화동,1541,2201,55,맑으나 때때로 구름,2023-10-03 15:00
5,zi@hanmail.net,1996-09-22,1996,27,남자,전라남도,충청북도 충주시 문화동,1008,1440,55,맑으나 때때로 구름,2023-10-03 15:30
5,zi@hanmail.net,1996-09-22,1996,27,남자,전라남도,충청북도 충주시 문화동,1983,2833,55,맑으나 때때로 구름,2023-10-03 16:00
5,zi@hanmail.net,1996-09-22,1996,27,남자,전라남도,충청북도 충주시 문화동,1121,1601,55,맑으나 때때로 구름,2023-10-03 16:30
5,zi@hanmail.net,1996-09-22,1996,27,남자,전라남도,충청북도 충주시 문화동,2496,3566,55,흐림,2023-10-03 17:00
5,zi@hanmail.net,1996-09-22,1996,27,남자,전라남도,충청북도 충주시 문화동,2626,3751,55,흐림,2023-10-03 17:30
5,zi@hanmail.net,1996-09-22,1996,27,남자,전라남도,충청북도 충주시 문화동,2439,3484,55,흐림,2023-10-03 18:00
5,zi@hanmail.net,1996-09-22,1996,27,남자,전라남도,충청북도 충주시 문화동,3433,4904,55,흐림,2023-10-03 18:30
5,zi@hanmail.net,1996-09-22,1996,27,남자,전라남도,충청북도 충주시 문화동,1154,1649,55,흐림,2023-10-03 19:00
5,zi@hanmail.net,1996-09-22,1996,27,남자,전라남도,충청북도 충주시 문화동,655,936,55,흐림,2023-10-03 19:30
5,zi@hanmail.net,1996-09-22,1996,27,남자,전라남도,충청북도 충주시 문화동,2916,4166,55,흐림,2023-10-03 20:00
5,zi@hanmail.net,1996-09-22,1996,27,남자,전라남도,충청북도 충주시 문화동,3155,4507,55,구름 조금,2023-10-03 20:30
5,zi@hanmail.net,1996-09-22,1996,27,남자,전라남도,충청북도 충주시 문화동,1910,2729,55,구름 조금,2023-10-03 21:00
5,zi@hanmail.net,1996-09-22,1996,27,남자,전라남도,충청북도 충주시 문화동,1071,1530,55,구름 조금,2023-10-03 21:30
5,zi@hanmail.net,1996-09-22,1996,27,남자,전라남도,충청북도 충주시 문화동,1002,1431,55,구름 조금,2023-10-03 22:00
5,zi@hanmail.net,1996-09-22,1996,27,남자,전라남도,충청북도 충주시 문화동,1360,1943,55,구름 조금,2023-10-03 22:30
5,zi@hanmail.net,1996-09-22,1996,27,남자,전라남도,충청북도 충주시 문화동,2467,3524,55,구름 조금,2023-10-03 23:00
5,zi@hanmail.net,1996-09-22,1996,27,남자,전라남도,충청북도 충주시 문화동,569,813,55,구름 조금,2023-10-03 23:30
6,baedoyun@gmail.com,1984-11-05,1984,39,여자,경기도,경상남도 창원시 성주동,419,599,88,대체로 흐림,2023-10-03 0:00
6,baedoyun@gmail.com,1984-11-05,1984,39,여자,경기도,경상남도 창원시 성주동,601,859,88,대체로 흐림,2023-10-03 0:30
6,baedoyun@gmail.com,1984-11-05,1984,39,여자,경기도,경상남도 창원시 성주동,2827,4039,88,대체로 흐림,2023-10-03 1:00
6,baedoyun@gmail.com,1984-11-05,1984,39,여자,경기도,경상남도 창원시 성주동,867,1239,88,대체로 흐림,2023-10-03 1:30
6,baedoyun@gmail.com,1984-11-05,1984,39,여자,경기도,경상남도 창원시 성주동,644,920,88,대체로 흐림,2023-10-03 2:00
6,baedoyun@gmail.com,1984-11-05,1984,39,여자,경기도,경상남도 창원시 성주동,2879,4113,88,대체로 흐림,2023-10-03 2:30
6,baedoyun@gmail.com,1984-11-05,1984,39,여자,경기도,경상남도 창원시 성주동,2608,3726,88,대체로 흐림,2023-10-03 3:00
6,baedoyun@gmail.com,1984-11-05,1984,39,여자,경기도,경상남도 창원시 성주동,3289,4699,88,대체로 흐림,2023-10-03 3:30
6,baedoyun@gmail.com,1984-11-05,1984,39,여자,경기도,경상남도 창원시 성주동,1984,2834,88,대체로 흐림,2023-10-03 4:00
6,baedoyun@gmail.com,1984-11-05,1984,39,여자,경기도,경상남도 창원시 성주동,581,830,88,대체로 흐림,2023-10-03 4:30
6,baedoyun@gmail.com,1984-11-05,1984,39,여자,경기도,경상남도 창원시 성주동,1035,1479,88,대체로 흐림,2023-10-03 5:00
6,baedoyun@gmail.com,1984-11-05,1984,39,여자,경기도,경상남도 창원시 성주동,2370,3386,88,대체로 흐림,2023-10-03 5:30
6,baedoyun@gmail.com,1984-11-05,1984,39,여자,경기도,경상남도 창원시 성주동,938,1340,88,대체로 흐림,2023-10-03 6:00
6,baedoyun@gmail.com,1984-11-05,1984,39,여자,경기도,경상남도 창원시 성주동,2001,2859,88,대체로 흐림,2023-10-03 6:30
6,baedoyun@gmail.com,1984-11-05,1984,39,여자,경기도,경상남도 창원시 성주동,1462,2089,88,대체로 흐림,2023-10-03 7:00
6,baedoyun@gmail.com,1984-11-05,1984,39,여자,경기도,경상남도 창원시 성주동,3466,4951,88,대체로 흐림,2023-10-03 7:30
6,baedoyun@gmail.com,1984-11-05,1984,39,여자,경기도,경상남도 창원시 성주동,967,1381,88,대체로 흐림,2023-10-03 8:00
6,baedoyun@gmail.com,1984-11-05,1984,39,여자,경기도,경상남도 창원시 성주동,2204,3149,88,대체로 흐림,2023-10-03 8:30
6,baedoyun@gmail.com,1984-11-05,1984,39,여자,경기도,경상남도 창원시 성주동,3043,4347,88,대체로 흐림,2023-10-03 9:00
6,baedoyun@gmail.com,1984-11-05,1984,39,여자,경기도,경상남도 창원시 성주동,410,586,88,대체로 흐림,2023-10-03 9:30
6,baedoyun@gmail.com,1984-11-05,1984,39,여자,경기도,경상남도 창원시 성주동,3056,4366,88,대체로 흐림,2023-10-03 10:00
6,baedoyun@gmail.com,1984-11-05,1984,39,여자,경기도,경상남도 창원시 성주동,1840,2629,88,대체로 흐림,2023-10-03 10:30
6,baedoyun@gmail.com,1984-11-05,1984,39,여자,경기도,경상남도 창원시 성주동,2918,4169,88,대체로 흐림,2023-10-03 11:00
6,baedoyun@gmail.com,1984-11-05,1984,39,여자,경기도,경상남도 창원시 성주동,2165,3093,88,대체로 흐림,2023-10-03 11:30
6,baedoyun@gmail.com,1984-11-05,1984,39,여자,경기도,경상남도 창원시 성주동,3073,4390,88,대체로 흐림,2023-10-03 12:00
6,baedoyun@gmail.com,1984-11-05,1984,39,여자,경기도,경상남도 창원시 성주동,2889,4127,88,대체로 흐림,2023-10-03 12:30
6,baedoyun@gmail.com,1984-11-05,1984,39,여자,경기도,경상남도 창원시 성주동,782,1117,88,대체로 흐림,2023-10-03 13:00
6,baedoyun@gmail.com,1984-11-05,1984,39,여자,경기도,경상남도 창원시 성주동,2402,3431,88,대체로 흐림,2023-10-03 13:30
6,baedoyun@gmail.com,1984-11-05,1984,39,여자,경기도,경상남도 창원시 성주동,1810,2586,88,대체로 흐림,2023-10-03 14:00
6,baedoyun@gmail.com,1984-11-05,1984,39,여자,경기도,경상남도 창원시 성주동,1020,1457,88,대체로 흐림,2023-10-03 14:30
6,baedoyun@gmail.com,1984-11-05,1984,39,여자,경기도,경상남도 창원시 성주동,3305,4721,88,대체로 흐림,2023-10-03 15:00
6,baedoyun@gmail.com,1984-11-05,1984,39,여자,경기도,경상남도 창원시 성주동,417,596,88,대체로 흐림,2023-10-03 15:30
6,baedoyun@gmail.com,1984-11-05,1984,39,여자,경기도,경상남도 창원시 성주동,703,1004,88,대체로 흐림,2023-10-03 16:00
6,baedoyun@gmail.com,1984-11-05,1984,39,여자,경기도,경상남도 창원시 성주동,3413,4876,88,구름 조금,2023-10-03 16:30
6,baedoyun@gmail.com,1984-11-05,1984,39,여자,경기도,경상남도 창원시 성주동,3639,5199,88,구름 조금,2023-10-03 17:00
6,baedoyun@gmail.com,1984-11-05,1984,39,여자,경기도,경상남도 창원시 성주동,1469,2099,88,구름 조금,2023-10-03 17:30
6,baedoyun@gmail.com,1984-11-05,1984,39,여자,경기도,경상남도 창원시 성주동,3408,4869,88,구름 조금,2023-10-03 18:00
6,baedoyun@gmail.com,1984-11-05,1984,39,여자,경기도,경상남도 창원시 성주동,3698,5283,88,구름 조금,2023-10-03 18:30
6,baedoyun@gmail.com,1984-11-05,1984,39,여자,경기도,경상남도 창원시 성주동,3327,4753,88,구름 조금,2023-10-03 19:00
6,baedoyun@gmail.com,1984-11-05,1984,39,여자,경기도,경상남도 창원시 성주동,1980,2829,88,구름 조금,2023-10-03 19:30
6,baedoyun@gmail.com,1984-11-05,1984,39,여자,경기도,경상남도 창원시 성주동,2205,3150,88,구름 조금,2023-10-03 20:00
6,baedoyun@gmail.com,1984-11-05,1984,39,여자,경기도,경상남도 창원시 성주동,2822,4031,88,맑음,2023-10-03 20:30
6,baedoyun@gmail.com,1984-11-05,1984,39,여자,경기도,경상남도 창원시 성주동,2114,3020,88,맑음,2023-10-03 21:00
6,baedoyun@gmail.com,1984-11-05,1984,39,여자,경기도,경상남도 창원시 성주동,3770,5386,88,맑음,2023-10-03 21:30
6,baedoyun@gmail.com,1984-11-05,1984,39,여자,경기도,경상남도 창원시 성주동,1689,2413,88,맑음,2023-10-03 22:00
6,baedoyun@gmail.com,1984-11-05,1984,39,여자,경기도,경상남도 창원시 성주동,729,1041,88,맑음,2023-10-03 22:30
6,baedoyun@gmail.com,1984-11-05,1984,39,여자,경기도,경상남도 창원시 성주동,3123,4461,88,맑음,2023-10-03 23:00
6,baedoyun@gmail.com,1984-11-05,1984,39,여자,경기도,경상남도 창원시 성주동,1441,2059,88,맑음,2023-10-03 23:30
7,simjunyeong@hanmail.net,1960-03-11,1960,63,남자,서울특별시,서울특별시 강남구 신사동,3554,5077,56,맑으나 때때로 구름,2023-10-03 0:00
7,simjunyeong@hanmail.net,1960-03-11,1960,63,남자,서울특별시,서울특별시 강남구 신사동,518,740,56,맑으나 때때로 구름,2023-10-03 0:30
7,simjunyeong@hanmail.net,1960-03-11,1960,63,남자,서울특별시,서울특별시 강남구 신사동,1780,2543,56,맑으나 때때로 구름,2023-10-03 1:00
7,simjunyeong@hanmail.net,1960-03-11,1960,63,남자,서울특별시,서울특별시 강남구 신사동,2167,3096,56,맑으나 때때로 구름,2023-10-03 1:30
7,simjunyeong@hanmail.net,1960-03-11,1960,63,남자,서울특별시,서울특별시 강남구 신사동,3317,4739,56,맑으나 때때로 구름,2023-10-03 2:00
7,simjunyeong@hanmail.net,1960-03-11,1960,63,남자,서울특별시,서울특별시 강남구 신사동,2113,3019,56,맑으나 때때로 구름,2023-10-03 2:30
7,simjunyeong@hanmail.net,1960-03-11,1960,63,남자,서울특별시,서울특별시 강남구 신사동,800,1143,56,맑으나 때때로 구름,2023-10-03 3:00
7,simjunyeong@hanmail.net,1960-03-11,1960,63,남자,서울특별시,서울특별시 강남구 신사동,1091,1559,56,맑으나 때때로 구름,2023-10-03 3:30
7,simjunyeong@hanmail.net,1960-03-11,1960,63,남자,서울특별시,서울특별시 강남구 신사동,2715,3879,56,맑으나 때때로 구름,2023-10-03 4:00
7,simjunyeong@hanmail.net,1960-03-11,1960,63,남자,서울특별시,서울특별시 강남구 신사동,2694,3849,56,맑으나 때때로 구름,2023-10-03 4:30
7,simjunyeong@hanmail.net,1960-03-11,1960,63,남자,서울특별시,서울특별시 강남구 신사동,618,883,56,맑으나 때때로 구름,2023-10-03 5:00
7,simjunyeong@hanmail.net,1960-03-11,1960,63,남자,서울특별시,서울특별시 강남구 신사동,2811,4016,56,맑으나 때때로 구름,2023-10-03 5:30
7,simjunyeong@hanmail.net,1960-03-11,1960,63,남자,서울특별시,서울특별시 강남구 신사동,525,750,56,맑으나 때때로 구름,2023-10-03 6:00
7,simjunyeong@hanmail.net,1960-03-11,1960,63,남자,서울특별시,서울특별시 강남구 신사동,2860,4086,56,맑으나 때때로 구름,2023-10-03 6:30
7,simjunyeong@hanmail.net,1960-03-11,1960,63,남자,서울특별시,서울특별시 강남구 신사동,1840,2629,56,맑으나 때때로 구름,2023-10-03 7:00
7,simjunyeong@hanmail.net,1960-03-11,1960,63,남자,서울특별시,서울특별시 강남구 신사동,3189,4556,56,맑으나 때때로 구름,2023-10-03 7:30
7,simjunyeong@hanmail.net,1960-03-11,1960,63,남자,서울특별시,서울특별시 강남구 신사동,822,1174,56,맑으나 때때로 구름,2023-10-03 8:00
7,simjunyeong@hanmail.net,1960-03-11,1960,63,남자,서울특별시,서울특별시 강남구 신사동,2218,3169,56,맑으나 때때로 구름,2023-10-03 8:30
7,simjunyeong@hanmail.net,1960-03-11,1960,63,남자,서울특별시,서울특별시 강남구 신사동,2302,3289,56,맑으나 때때로 구름,2023-10-03 9:00
7,simjunyeong@hanmail.net,1960-03-11,1960,63,남자,서울특별시,서울특별시 강남구 신사동,932,1331,56,맑으나 때때로 구름,2023-10-03 9:30
7,simjunyeong@hanmail.net,1960-03-11,1960,63,남자,서울특별시,서울특별시 강남구 신사동,1282,1831,56,맑으나 때때로 구름,2023-10-03 10:00
7,simjunyeong@hanmail.net,1960-03-11,1960,63,남자,서울특별시,서울특별시 강남구 신사동,910,1300,56,맑으나 때때로 구름,2023-10-03 10:30
7,simjunyeong@hanmail.net,1960-03-11,1960,63,남자,서울특별시,서울특별시 강남구 신사동,2182,3117,56,맑으나 때때로 구름,2023-10-03 11:00
7,simjunyeong@hanmail.net,1960-03-11,1960,63,남자,서울특별시,서울특별시 강남구 신사동,2082,2974,56,대체로 흐림,2023-10-03 11:30
7,simjunyeong@hanmail.net,1960-03-11,1960,63,남자,서울특별시,서울특별시 강남구 신사동,2433,3476,56,대체로 흐림,2023-10-03 12:00
7,simjunyeong@hanmail.net,1960-03-11,1960,63,남자,서울특별시,서울특별시 강남구 신사동,3035,4336,56,대체로 흐림,2023-10-03 12:30
7,simjunyeong@hanmail.net,1960-03-11,1960,63,남자,서울특별시,서울특별시 강남구 신사동,3605,5150,56,대체로 흐림,2023-10-03 13:00
7,simjunyeong@hanmail.net,1960-03-11,1960,63,남자,서울특별시,서울특별시 강남구 신사동,2482,3546,56,대체로 흐림,2023-10-03 13:30
7,simjunyeong@hanmail.net,1960-03-11,1960,63,남자,서울특별시,서울특별시 강남구 신사동,2106,3009,56,대체로 흐림,2023-10-03 14:00
7,simjunyeong@hanmail.net,1960-03-11,1960,63,남자,서울특별시,서울특별시 강남구 신사동,3270,4671,56,대체로 흐림,2023-10-03 14:30
7,simjunyeong@hanmail.net,1960-03-11,1960,63,남자,서울특별시,서울특별시 강남구 신사동,1969,2813,56,대체로 흐림,2023-10-03 15:00
7,simjunyeong@hanmail.net,1960-03-11,1960,63,남자,서울특별시,서울특별시 강남구 신사동,1520,2171,56,대체로 흐림,2023-10-03 15:30
7,simjunyeong@hanmail.net,1960-03-11,1960,63,남자,서울특별시,서울특별시 강남구 신사동,529,756,56,대체로 흐림,2023-10-03 16:00
7,simjunyeong@hanmail.net,1960-03-11,1960,63,남자,서울특별시,서울특별시 강남구 신사동,1622,2317,56,대체로 흐림,2023-10-03 16:30
7,simjunyeong@hanmail.net,1960-03-11,1960,63,남자,서울특별시,서울특별시 강남구 신사동,2923,4176,56,맑음,2023-10-03 17:00
7,simjunyeong@hanmail.net,1960-03-11,1960,63,남자,서울특별시,서울특별시 강남구 신사동,3881,5544,56,맑음,2023-10-03 17:30
7,simjunyeong@hanmail.net,1960-03-11,1960,63,남자,서울특별시,서울특별시 강남구 신사동,573,819,56,맑음,2023-10-03 18:00
7,simjunyeong@hanmail.net,1960-03-11,1960,63,남자,서울특별시,서울특별시 강남구 신사동,3241,4630,56,맑음,2023-10-03 18:30
7,simjunyeong@hanmail.net,1960-03-11,1960,63,남자,서울특별시,서울특별시 강남구 신사동,1240,1771,56,맑음,2023-10-03 19:00
7,simjunyeong@hanmail.net,1960-03-11,1960,63,남자,서울특별시,서울특별시 강남구 신사동,1128,1611,56,맑음,2023-10-03 19:30
7,simjunyeong@hanmail.net,1960-03-11,1960,63,남자,서울특별시,서울특별시 강남구 신사동,3679,5256,56,대체로 흐림,2023-10-03 20:00
7,simjunyeong@hanmail.net,1960-03-11,1960,63,남자,서울특별시,서울특별시 강남구 신사동,2428,3469,56,대체로 흐림,2023-10-03 20:30
7,simjunyeong@hanmail.net,1960-03-11,1960,63,남자,서울특별시,서울특별시 강남구 신사동,556,794,56,대체로 흐림,2023-10-03 21:00
7,simjunyeong@hanmail.net,1960-03-11,1960,63,남자,서울특별시,서울특별시 강남구 신사동,1992,2846,56,대체로 흐림,2023-10-03 21:30
7,simjunyeong@hanmail.net,1960-03-11,1960,63,남자,서울특별시,서울특별시 강남구 신사동,2449,3499,56,대체로 흐림,2023-10-03 22:00
7,simjunyeong@hanmail.net,1960-03-11,1960,63,남자,서울특별시,서울특별시 강남구 신사동,2293,3276,56,대체로 흐림,2023-10-03 22:30
7,simjunyeong@hanmail.net,1960-03-11,1960,63,남자,서울특별시,서울특별시 강남구 신사동,1016,1451,56,대체로 흐림,2023-10-03 23:00
7,simjunyeong@hanmail.net,1960-03-11,1960,63,남자,서울특별시,서울특별시 강남구 신사동,2106,3009,56,대체로 흐림,2023-10-03 23:30
8,hseo@hanmail.net,1977-04-18,1977,46,여자,제주도,제주도 서귀포시 중문동,3815,5450,63,구름 조금,2023-10-03 0:00
8,hseo@hanmail.net,1977-04-18,1977,46,여자,제주도,제주도 서귀포시 중문동,689,984,63,구름 조금,2023-10-03 0:30
8,hseo@hanmail.net,1977-04-18,1977,46,여자,제주도,제주도 서귀포시 중문동,1676,2394,63,구름 조금,2023-10-03 1:00
8,hseo@hanmail.net,1977-04-18,1977,46,여자,제주도,제주도 서귀포시 중문동,3547,5067,63,구름 조금,2023-10-03 1:30
8,hseo@hanmail.net,1977-04-18,1977,46,여자,제주도,제주도 서귀포시 중문동,1287,1839,63,구름 조금,2023-10-03 2:00
8,hseo@hanmail.net,1977-04-18,1977,46,여자,제주도,제주도 서귀포시 중문동,3241,4630,63,구름 조금,2023-10-03 2:30
8,hseo@hanmail.net,1977-04-18,1977,46,여자,제주도,제주도 서귀포시 중문동,1166,1666,63,구름 조금,2023-10-03 3:00
8,hseo@hanmail.net,1977-04-18,1977,46,여자,제주도,제주도 서귀포시 중문동,1777,2539,63,구름 조금,2023-10-03 3:30
8,hseo@hanmail.net,1977-04-18,1977,46,여자,제주도,제주도 서귀포시 중문동,3781,5401,63,구름 조금,2023-10-03 4:00
8,hseo@hanmail.net,1977-04-18,1977,46,여자,제주도,제주도 서귀포시 중문동,1823,2604,63,구름 조금,2023-10-03 4:30
8,hseo@hanmail.net,1977-04-18,1977,46,여자,제주도,제주도 서귀포시 중문동,2240,3200,63,구름 조금,2023-10-03 5:00
8,hseo@hanmail.net,1977-04-18,1977,46,여자,제주도,제주도 서귀포시 중문동,2024,2891,63,구름 조금,2023-10-03 5:30
8,hseo@hanmail.net,1977-04-18,1977,46,여자,제주도,제주도 서귀포시 중문동,1224,1749,63,구름 조금,2023-10-03 6:00
8,hseo@hanmail.net,1977-04-18,1977,46,여자,제주도,제주도 서귀포시 중문동,1653,2361,63,구름 조금,2023-10-03 6:30
8,hseo@hanmail.net,1977-04-18,1977,46,여자,제주도,제주도 서귀포시 중문동,2577,3681,63,구름 조금,2023-10-03 7:00
8,hseo@hanmail.net,1977-04-18,1977,46,여자,제주도,제주도 서귀포시 중문동,1966,2809,63,구름 조금,2023-10-03 7:30
8,hseo@hanmail.net,1977-04-18,1977,46,여자,제주도,제주도 서귀포시 중문동,1943,2776,63,구름 조금,2023-10-03 8:00
8,hseo@hanmail.net,1977-04-18,1977,46,여자,제주도,제주도 서귀포시 중문동,2300,3286,63,구름 조금,2023-10-03 8:30
8,hseo@hanmail.net,1977-04-18,1977,46,여자,제주도,제주도 서귀포시 중문동,3048,4354,63,구름 조금,2023-10-03 9:00
8,hseo@hanmail.net,1977-04-18,1977,46,여자,제주도,제주도 서귀포시 중문동,629,899,63,구름 조금,2023-10-03 9:30
8,hseo@hanmail.net,1977-04-18,1977,46,여자,제주도,제주도 서귀포시 중문동,3314,4734,63,구름 조금,2023-10-03 10:00
8,hseo@hanmail.net,1977-04-18,1977,46,여자,제주도,제주도 서귀포시 중문동,2188,3126,63,구름 조금,2023-10-03 10:30
8,hseo@hanmail.net,1977-04-18,1977,46,여자,제주도,제주도 서귀포시 중문동,2991,4273,63,구름 조금,2023-10-03 11:00
8,hseo@hanmail.net,1977-04-18,1977,46,여자,제주도,제주도 서귀포시 중문동,1999,2856,63,구름 조금,2023-10-03 11:30
8,hseo@hanmail.net,1977-04-18,1977,46,여자,제주도,제주도 서귀포시 중문동,1078,1540,63,구름 조금,2023-10-03 12:00
8,hseo@hanmail.net,1977-04-18,1977,46,여자,제주도,제주도 서귀포시 중문동,3735,5336,63,구름 조금,2023-10-03 12:30
8,hseo@hanmail.net,1977-04-18,1977,46,여자,제주도,제주도 서귀포시 중문동,3732,5331,63,구름 조금,2023-10-03 13:00
8,hseo@hanmail.net,1977-04-18,1977,46,여자,제주도,제주도 서귀포시 중문동,1944,2777,63,구름 조금,2023-10-03 13:30
8,hseo@hanmail.net,1977-04-18,1977,46,여자,제주도,제주도 서귀포시 중문동,775,1107,63,구름 조금,2023-10-03 14:00
8,hseo@hanmail.net,1977-04-18,1977,46,여자,제주도,제주도 서귀포시 중문동,1796,2566,63,구름 조금,2023-10-03 14:30
8,hseo@hanmail.net,1977-04-18,1977,46,여자,제주도,제주도 서귀포시 중문동,3395,4850,63,구름 조금,2023-10-03 15:00
8,hseo@hanmail.net,1977-04-18,1977,46,여자,제주도,제주도 서귀포시 중문동,1369,1956,63,구름 조금,2023-10-03 15:30
8,hseo@hanmail.net,1977-04-18,1977,46,여자,제주도,제주도 서귀포시 중문동,3392,4846,63,구름 조금,2023-10-03 16:00
8,hseo@hanmail.net,1977-04-18,1977,46,여자,제주도,제주도 서귀포시 중문동,1494,2134,63,소나기,2023-10-03 16:30
8,hseo@hanmail.net,1977-04-18,1977,46,여자,제주도,제주도 서귀포시 중문동,652,931,63,소나기,2023-10-03 17:00
8,hseo@hanmail.net,1977-04-18,1977,46,여자,제주도,제주도 서귀포시 중문동,1654,2363,63,소나기,2023-10-03 17:30
8,hseo@hanmail.net,1977-04-18,1977,46,여자,제주도,제주도 서귀포시 중문동,658,940,63,소나기,2023-10-03 18:00
8,hseo@hanmail.net,1977-04-18,1977,46,여자,제주도,제주도 서귀포시 중문동,2908,4154,63,소나기,2023-10-03 18:30
8,hseo@hanmail.net,1977-04-18,1977,46,여자,제주도,제주도 서귀포시 중문동,1036,1480,63,소나기,2023-10-03 19:00
8,hseo@hanmail.net,1977-04-18,1977,46,여자,제주도,제주도 서귀포시 중문동,2773,3961,63,구름 조금,2023-10-03 19:30
8,hseo@hanmail.net,1977-04-18,1977,46,여자,제주도,제주도 서귀포시 중문동,1268,1811,63,구름 조금,2023-10-03 20:00
8,hseo@hanmail.net,1977-04-18,1977,46,여자,제주도,제주도 서귀포시 중문동,1918,2740,63,구름 조금,2023-10-03 20:30
8,hseo@hanmail.net,1977-04-18,1977,46,여자,제주도,제주도 서귀포시 중문동,1885,2693,63,구름 조금,2023-10-03 21:00
8,hseo@hanmail.net,1977-04-18,1977,46,여자,제주도,제주도 서귀포시 중문동,3545,5064,63,구름 조금,2023-10-03 21:30
8,hseo@hanmail.net,1977-04-18,1977,46,여자,제주도,제주도 서귀포시 중문동,1104,1577,63,구름 조금,2023-10-03 22:00
8,hseo@hanmail.net,1977-04-18,1977,46,여자,제주도,제주도 서귀포시 중문동,2804,4006,63,구름 조금,2023-10-03 22:30
8,hseo@hanmail.net,1977-04-18,1977,46,여자,제주도,제주도 서귀포시 중문동,3696,5280,63,구름 조금,2023-10-03 23:00
8,hseo@hanmail.net,1977-04-18,1977,46,여자,제주도,제주도 서귀포시 중문동,2746,3923,63,구름 조금,2023-10-03 23:30
9,jsim@hanmail.net,1982-10-27,1982,41,남자,충청남도,제주도 서귀포시 중문동,1164,1663,54,구름 조금,2023-10-03 0:00
9,jsim@hanmail.net,1982-10-27,1982,41,남자,충청남도,제주도 서귀포시 중문동,2147,3067,54,구름 조금,2023-10-03 0:30
9,jsim@hanmail.net,1982-10-27,1982,41,남자,충청남도,제주도 서귀포시 중문동,3388,4840,54,구름 조금,2023-10-03 1:00
9,jsim@hanmail.net,1982-10-27,1982,41,남자,충청남도,제주도 서귀포시 중문동,1048,1497,54,구름 조금,2023-10-03 1:30
9,jsim@hanmail.net,1982-10-27,1982,41,남자,충청남도,제주도 서귀포시 중문동,3441,4916,54,구름 조금,2023-10-03 2:00
9,jsim@hanmail.net,1982-10-27,1982,41,남자,충청남도,제주도 서귀포시 중문동,939,1341,54,구름 조금,2023-10-03 2:30
9,jsim@hanmail.net,1982-10-27,1982,41,남자,충청남도,제주도 서귀포시 중문동,1888,2697,54,구름 조금,2023-10-03 3:00
9,jsim@hanmail.net,1982-10-27,1982,41,남자,충청남도,제주도 서귀포시 중문동,3203,4576,54,구름 조금,2023-10-03 3:30
9,jsim@hanmail.net,1982-10-27,1982,41,남자,충청남도,제주도 서귀포시 중문동,1049,1499,54,구름 조금,2023-10-03 4:00
9,jsim@hanmail.net,1982-10-27,1982,41,남자,충청남도,제주도 서귀포시 중문동,862,1231,54,구름 조금,2023-10-03 4:30
9,jsim@hanmail.net,1982-10-27,1982,41,남자,충청남도,제주도 서귀포시 중문동,1894,2706,54,구름 조금,2023-10-03 5:00
9,jsim@hanmail.net,1982-10-27,1982,41,남자,충청남도,제주도 서귀포시 중문동,3719,5313,54,구름 조금,2023-10-03 5:30
9,jsim@hanmail.net,1982-10-27,1982,41,남자,충청남도,제주도 서귀포시 중문동,2587,3696,54,구름 조금,2023-10-03 6:00
9,jsim@hanmail.net,1982-10-27,1982,41,남자,충청남도,제주도 서귀포시 중문동,3544,5063,54,구름 조금,2023-10-03 6:30
9,jsim@hanmail.net,1982-10-27,1982,41,남자,충청남도,제주도 서귀포시 중문동,1688,2411,54,구름 조금,2023-10-03 7:00
9,jsim@hanmail.net,1982-10-27,1982,41,남자,충청남도,제주도 서귀포시 중문동,512,731,54,구름 조금,2023-10-03 7:30
9,jsim@hanmail.net,1982-10-27,1982,41,남자,충청남도,제주도 서귀포시 중문동,1131,1616,54,구름 조금,2023-10-03 8:00
9,jsim@hanmail.net,1982-10-27,1982,41,남자,충청남도,제주도 서귀포시 중문동,3426,4894,54,구름 조금,2023-10-03 8:30
9,jsim@hanmail.net,1982-10-27,1982,41,남자,충청남도,제주도 서귀포시 중문동,1089,1556,54,구름 조금,2023-10-03 9:00
9,jsim@hanmail.net,1982-10-27,1982,41,남자,충청남도,제주도 서귀포시 중문동,3683,5261,54,구름 조금,2023-10-03 9:30
9,jsim@hanmail.net,1982-10-27,1982,41,남자,충청남도,제주도 서귀포시 중문동,1116,1594,54,구름 조금,2023-10-03 10:00
9,jsim@hanmail.net,1982-10-27,1982,41,남자,충청남도,제주도 서귀포시 중문동,660,943,54,구름 조금,2023-10-03 10:30
9,jsim@hanmail.net,1982-10-27,1982,41,남자,충청남도,제주도 서귀포시 중문동,588,840,54,구름 조금,2023-10-03 11:00
9,jsim@hanmail.net,1982-10-27,1982,41,남자,충청남도,제주도 서귀포시 중문동,553,790,54,구름 조금,2023-10-03 11:30
9,jsim@hanmail.net,1982-10-27,1982,41,남자,충청남도,제주도 서귀포시 중문동,1048,1497,54,구름 조금,2023-10-03 12:00
9,jsim@hanmail.net,1982-10-27,1982,41,남자,충청남도,제주도 서귀포시 중문동,1273,1819,54,구름 조금,2023-10-03 12:30
9,jsim@hanmail.net,1982-10-27,1982,41,남자,충청남도,제주도 서귀포시 중문동,2514,3591,54,구름 조금,2023-10-03 13:00
9,jsim@hanmail.net,1982-10-27,1982,41,남자,충청남도,제주도 서귀포시 중문동,3744,5349,54,구름 조금,2023-10-03 13:30
9,jsim@hanmail.net,1982-10-27,1982,41,남자,충청남도,제주도 서귀포시 중문동,2673,3819,54,구름 조금,2023-10-03 14:00
9,jsim@hanmail.net,1982-10-27,1982,41,남자,충청남도,제주도 서귀포시 중문동,1176,1680,54,구름 조금,2023-10-03 14:30
9,jsim@hanmail.net,1982-10-27,1982,41,남자,충청남도,제주도 서귀포시 중문동,1328,1897,54,구름 조금,2023-10-03 15:00
9,jsim@hanmail.net,1982-10-27,1982,41,남자,충청남도,제주도 서귀포시 중문동,2302,3289,54,구름 조금,2023-10-03 15:30
9,jsim@hanmail.net,1982-10-27,1982,41,남자,충청남도,제주도 서귀포시 중문동,2131,3044,54,구름 조금,2023-10-03 16:00
9,jsim@hanmail.net,1982-10-27,1982,41,남자,충청남도,제주도 서귀포시 중문동,3018,4311,54,소나기,2023-10-03 16:30
9,jsim@hanmail.net,1982-10-27,1982,41,남자,충청남도,제주도 서귀포시 중문동,1390,1986,54,소나기,2023-10-03 17:00
9,jsim@hanmail.net,1982-10-27,1982,41,남자,충청남도,제주도 서귀포시 중문동,1034,1477,54,소나기,2023-10-03 17:30
9,jsim@hanmail.net,1982-10-27,1982,41,남자,충청남도,제주도 서귀포시 중문동,1537,2196,54,소나기,2023-10-03 18:00
9,jsim@hanmail.net,1982-10-27,1982,41,남자,충청남도,제주도 서귀포시 중문동,2717,3881,54,소나기,2023-10-03 18:30
9,jsim@hanmail.net,1982-10-27,1982,41,남자,충청남도,제주도 서귀포시 중문동,3697,5281,54,소나기,2023-10-03 19:00
9,jsim@hanmail.net,1982-10-27,1982,41,남자,충청남도,제주도 서귀포시 중문동,2214,3163,54,구름 조금,2023-10-03 19:30
9,jsim@hanmail.net,1982-10-27,1982,41,남자,충청남도,제주도 서귀포시 중문동,639,913,54,구름 조금,2023-10-03 20:00
9,jsim@hanmail.net,1982-10-27,1982,41,남자,충청남도,제주도 서귀포시 중문동,1135,1621,54,구름 조금,2023-10-03 20:30
9,jsim@hanmail.net,1982-10-27,1982,41,남자,충청남도,제주도 서귀포시 중문동,3482,4974,54,구름 조금,2023-10-03 21:00
9,jsim@hanmail.net,1982-10-27,1982,41,남자,충청남도,제주도 서귀포시 중문동,2139,3056,54,구름 조금,2023-10-03 21:30
9,jsim@hanmail.net,1982-10-27,1982,41,남자,충청남도,제주도 서귀포시 중문동,3361,4801,54,구름 조금,2023-10-03 22:00
9,jsim@hanmail.net,1982-10-27,1982,41,남자,충청남도,제주도 서귀포시 중문동,1433,2047,54,구름 조금,2023-10-03 22:30
9,jsim@hanmail.net,1982-10-27,1982,41,남자,충청남도,제주도 서귀포시 중문동,2174,3106,54,구름 조금,2023-10-03 23:00
9,jsim@hanmail.net,1982-10-27,1982,41,남자,충청남도,제주도 서귀포시 중문동,944,1349,54,구름 조금,2023-10-03 23:30
10,yeongsig37@naver.com,2001-10-04,2001,22,남자,제주도,제주도 서귀포시 중문동,3116,4451,68,구름 조금,2023-10-03 0:00
10,yeongsig37@naver.com,2001-10-04,2001,22,남자,제주도,제주도 서귀포시 중문동,1394,1991,68,구름 조금,2023-10-03 0:30
10,yeongsig37@naver.com,2001-10-04,2001,22,남자,제주도,제주도 서귀포시 중문동,3042,4346,68,구름 조금,2023-10-03 1:00
10,yeongsig37@naver.com,2001-10-04,2001,22,남자,제주도,제주도 서귀포시 중문동,3870,5529,68,구름 조금,2023-10-03 1:30
10,yeongsig37@naver.com,2001-10-04,2001,22,남자,제주도,제주도 서귀포시 중문동,2163,3090,68,구름 조금,2023-10-03 2:00
10,yeongsig37@naver.com,2001-10-04,2001,22,남자,제주도,제주도 서귀포시 중문동,1652,2360,68,구름 조금,2023-10-03 2:30
10,yeongsig37@naver.com,2001-10-04,2001,22,남자,제주도,제주도 서귀포시 중문동,576,823,68,구름 조금,2023-10-03 3:00
10,yeongsig37@naver.com,2001-10-04,2001,22,남자,제주도,제주도 서귀포시 중문동,2146,3066,68,구름 조금,2023-10-03 3:30
10,yeongsig37@naver.com,2001-10-04,2001,22,남자,제주도,제주도 서귀포시 중문동,2015,2879,68,구름 조금,2023-10-03 4:00
10,yeongsig37@naver.com,2001-10-04,2001,22,남자,제주도,제주도 서귀포시 중문동,645,921,68,구름 조금,2023-10-03 4:30
10,yeongsig37@naver.com,2001-10-04,2001,22,남자,제주도,제주도 서귀포시 중문동,1757,2510,68,구름 조금,2023-10-03 5:00
10,yeongsig37@naver.com,2001-10-04,2001,22,남자,제주도,제주도 서귀포시 중문동,2650,3786,68,구름 조금,2023-10-03 5:30
10,yeongsig37@naver.com,2001-10-04,2001,22,남자,제주도,제주도 서귀포시 중문동,1847,2639,68,구름 조금,2023-10-03 6:00
10,yeongsig37@naver.com,2001-10-04,2001,22,남자,제주도,제주도 서귀포시 중문동,522,746,68,구름 조금,2023-10-03 6:30
10,yeongsig37@naver.com,2001-10-04,2001,22,남자,제주도,제주도 서귀포시 중문동,3280,4686,68,구름 조금,2023-10-03 7:00
10,yeongsig37@naver.com,2001-10-04,2001,22,남자,제주도,제주도 서귀포시 중문동,539,770,68,구름 조금,2023-10-03 7:30
10,yeongsig37@naver.com,2001-10-04,2001,22,남자,제주도,제주도 서귀포시 중문동,2608,3726,68,구름 조금,2023-10-03 8:00
10,yeongsig37@naver.com,2001-10-04,2001,22,남자,제주도,제주도 서귀포시 중문동,1635,2336,68,구름 조금,2023-10-03 8:30
10,yeongsig37@naver.com,2001-10-04,2001,22,남자,제주도,제주도 서귀포시 중문동,3833,5476,68,구름 조금,2023-10-03 9:00
10,yeongsig37@naver.com,2001-10-04,2001,22,남자,제주도,제주도 서귀포시 중문동,741,1059,68,구름 조금,2023-10-03 9:30
10,yeongsig37@naver.com,2001-10-04,2001,22,남자,제주도,제주도 서귀포시 중문동,2240,3200,68,구름 조금,2023-10-03 10:00
10,yeongsig37@naver.com,2001-10-04,2001,22,남자,제주도,제주도 서귀포시 중문동,3763,5376,68,구름 조금,2023-10-03 10:30
10,yeongsig37@naver.com,2001-10-04,2001,22,남자,제주도,제주도 서귀포시 중문동,1128,1611,68,구름 조금,2023-10-03 11:00
10,yeongsig37@naver.com,2001-10-04,2001,22,남자,제주도,제주도 서귀포시 중문동,489,699,68,구름 조금,2023-10-03 11:30
10,yeongsig37@naver.com,2001-10-04,2001,22,남자,제주도,제주도 서귀포시 중문동,3449,4927,68,구름 조금,2023-10-03 12:00
10,yeongsig37@naver.com,2001-10-04,2001,22,남자,제주도,제주도 서귀포시 중문동,2379,3399,68,구름 조금,2023-10-03 12:30
10,yeongsig37@naver.com,2001-10-04,2001,22,남자,제주도,제주도 서귀포시 중문동,3257,4653,68,구름 조금,2023-10-03 13:00
10,yeongsig37@naver.com,2001-10-04,2001,22,남자,제주도,제주도 서귀포시 중문동,1765,2521,68,구름 조금,2023-10-03 13:30
10,yeongsig37@naver.com,2001-10-04,2001,22,남자,제주도,제주도 서귀포시 중문동,1056,1509,68,구름 조금,2023-10-03 14:00
10,yeongsig37@naver.com,2001-10-04,2001,22,남자,제주도,제주도 서귀포시 중문동,1608,2297,68,구름 조금,2023-10-03 14:30
10,yeongsig37@naver.com,2001-10-04,2001,22,남자,제주도,제주도 서귀포시 중문동,609,870,68,구름 조금,2023-10-03 15:00
10,yeongsig37@naver.com,2001-10-04,2001,22,남자,제주도,제주도 서귀포시 중문동,2153,3076,68,구름 조금,2023-10-03 15:30
10,yeongsig37@naver.com,2001-10-04,2001,22,남자,제주도,제주도 서귀포시 중문동,1841,2630,68,구름 조금,2023-10-03 16:00
10,yeongsig37@naver.com,2001-10-04,2001,22,남자,제주도,제주도 서귀포시 중문동,904,1291,68,소나기,2023-10-03 16:30
10,yeongsig37@naver.com,2001-10-04,2001,22,남자,제주도,제주도 서귀포시 중문동,2394,3420,68,소나기,2023-10-03 17:00
10,yeongsig37@naver.com,2001-10-04,2001,22,남자,제주도,제주도 서귀포시 중문동,2383,3404,68,소나기,2023-10-03 17:30
10,yeongsig37@naver.com,2001-10-04,2001,22,남자,제주도,제주도 서귀포시 중문동,3000,4286,68,소나기,2023-10-03 18:00
10,yeongsig37@naver.com,2001-10-04,2001,22,남자,제주도,제주도 서귀포시 중문동,1131,1616,68,소나기,2023-10-03 18:30
10,yeongsig37@naver.com,2001-10-04,2001,22,남자,제주도,제주도 서귀포시 중문동,606,866,68,소나기,2023-10-03 19:00
10,yeongsig37@naver.com,2001-10-04,2001,22,남자,제주도,제주도 서귀포시 중문동,1924,2749,68,구름 조금,2023-10-03 19:30
10,yeongsig37@naver.com,2001-10-04,2001,22,남자,제주도,제주도 서귀포시 중문동,3499,4999,68,구름 조금,2023-10-03 20:00
10,yeongsig37@naver.com,2001-10-04,2001,22,남자,제주도,제주도 서귀포시 중문동,2069,2956,68,구름 조금,2023-10-03 20:30
10,yeongsig37@naver.com,2001-10-04,2001,22,남자,제주도,제주도 서귀포시 중문동,2876,4109,68,구름 조금,2023-10-03 21:00
10,yeongsig37@naver.com,2001-10-04,2001,22,남자,제주도,제주도 서귀포시 중문동,2045,2921,68,구름 조금,2023-10-03 21:30
10,yeongsig37@naver.com,2001-10-04,2001,22,남자,제주도,제주도 서귀포시 중문동,2202,3146,68,구름 조금,2023-10-03 22:00
10,yeongsig37@naver.com,2001-10-04,2001,22,남자,제주도,제주도 서귀포시 중문동,3173,4533,68,구름 조금,2023-10-03 22:30
10,yeongsig37@naver.com,2001-10-04,2001,22,남자,제주도,제주도 서귀포시 중문동,955,1364,68,구름 조금,2023-10-03 23:00
10,yeongsig37@naver.com,2001-10-04,2001,22,남자,제주도,제주도 서귀포시 중문동,2640,3771,68,구름 조금,2023-10-03 23:30
11,ijihyeon@daum.net,1985-08-21,1985,38,여자,경기도,경상남도 창원시 성주동,2602,3717,65,맑음,2023-10-03 0:00
11,ijihyeon@daum.net,1985-08-21,1985,38,여자,경기도,경상남도 창원시 성주동,1514,2163,65,맑음,2023-10-03 0:30
11,ijihyeon@daum.net,1985-08-21,1985,38,여자,경기도,경상남도 창원시 성주동,1657,2367,65,맑음,2023-10-03 1:00
11,ijihyeon@daum.net,1985-08-21,1985,38,여자,경기도,경상남도 창원시 성주동,1838,2626,65,맑음,2023-10-03 1:30
11,ijihyeon@daum.net,1985-08-21,1985,38,여자,경기도,경상남도 창원시 성주동,800,1143,65,구름 조금,2023-10-03 2:00
11,ijihyeon@daum.net,1985-08-21,1985,38,여자,경기도,경상남도 창원시 성주동,1573,2247,65,구름 조금,2023-10-03 2:30
11,ijihyeon@daum.net,1985-08-21,1985,38,여자,경기도,경상남도 창원시 성주동,925,1321,65,구름 조금,2023-10-03 3:00
11,ijihyeon@daum.net,1985-08-21,1985,38,여자,경기도,경상남도 창원시 성주동,2161,3087,65,구름 조금,2023-10-03 3:30
11,ijihyeon@daum.net,1985-08-21,1985,38,여자,경기도,경상남도 창원시 성주동,1026,1466,65,구름 조금,2023-10-03 4:00
11,ijihyeon@daum.net,1985-08-21,1985,38,여자,경기도,경상남도 창원시 성주동,336,480,65,구름 조금,2023-10-03 4:30
11,ijihyeon@daum.net,1985-08-21,1985,38,여자,경기도,경상남도 창원시 성주동,2812,4017,65,구름 조금,2023-10-03 5:00
11,ijihyeon@daum.net,1985-08-21,1985,38,여자,경기도,경상남도 창원시 성주동,447,639,65,구름 조금,2023-10-03 5:30
11,ijihyeon@daum.net,1985-08-21,1985,38,여자,경기도,경상남도 창원시 성주동,1494,2134,65,구름 조금,2023-10-03 6:00
11,ijihyeon@daum.net,1985-08-21,1985,38,여자,경기도,경상남도 창원시 성주동,1924,2749,65,구름 조금,2023-10-03 6:30
11,ijihyeon@daum.net,1985-08-21,1985,38,여자,경기도,경상남도 창원시 성주동,1577,2253,65,구름 조금,2023-10-03 7:00
11,ijihyeon@daum.net,1985-08-21,1985,38,여자,경기도,경상남도 창원시 성주동,2235,3193,65,구름 조금,2023-10-03 7:30
11,ijihyeon@daum.net,1985-08-21,1985,38,여자,경기도,경상남도 창원시 성주동,1434,2049,65,구름 조금,2023-10-03 8:00
11,ijihyeon@daum.net,1985-08-21,1985,38,여자,경기도,경상남도 창원시 성주동,276,394,65,구름 조금,2023-10-03 8:30
11,ijihyeon@daum.net,1985-08-21,1985,38,여자,경기도,경상남도 창원시 성주동,2546,3637,65,구름 조금,2023-10-03 9:00
11,ijihyeon@daum.net,1985-08-21,1985,38,여자,경기도,경상남도 창원시 성주동,2647,3781,65,구름 조금,2023-10-03 9:30
11,ijihyeon@daum.net,1985-08-21,1985,38,여자,경기도,경상남도 창원시 성주동,683,976,65,구름 조금,2023-10-03 10:00
11,ijihyeon@daum.net,1985-08-21,1985,38,여자,경기도,경상남도 창원시 성주동,578,826,65,구름 조금,2023-10-03 10:30
11,ijihyeon@daum.net,1985-08-21,1985,38,여자,경기도,경상남도 창원시 성주동,1616,2309,65,구름 조금,2023-10-03 11:00
11,ijihyeon@daum.net,1985-08-21,1985,38,여자,경기도,경상남도 창원시 성주동,2062,2946,65,구름 조금,2023-10-03 11:30
11,ijihyeon@daum.net,1985-08-21,1985,38,여자,경기도,경상남도 창원시 성주동,1882,2689,65,구름 조금,2023-10-03 12:00
11,ijihyeon@daum.net,1985-08-21,1985,38,여자,경기도,경상남도 창원시 성주동,987,1410,65,구름 조금,2023-10-03 12:30
11,ijihyeon@daum.net,1985-08-21,1985,38,여자,경기도,경상남도 창원시 성주동,1783,2547,65,구름 조금,2023-10-03 13:00
11,ijihyeon@daum.net,1985-08-21,1985,38,여자,경기도,경상남도 창원시 성주동,2917,4167,65,구름 조금,2023-10-03 13:30
11,ijihyeon@daum.net,1985-08-21,1985,38,여자,경기도,경상남도 창원시 성주동,1851,2644,65,구름 조금,2023-10-03 14:00
11,ijihyeon@daum.net,1985-08-21,1985,38,여자,경기도,경상남도 창원시 성주동,1791,2559,65,구름 조금,2023-10-03 14:30
11,ijihyeon@daum.net,1985-08-21,1985,38,여자,경기도,경상남도 창원시 성주동,318,454,65,구름 조금,2023-10-03 15:00
11,ijihyeon@daum.net,1985-08-21,1985,38,여자,경기도,경상남도 창원시 성주동,1899,2713,65,구름 조금,2023-10-03 15:30
11,ijihyeon@daum.net,1985-08-21,1985,38,여자,경기도,경상남도 창원시 성주동,2706,3866,65,구름 조금,2023-10-03 16:00
11,ijihyeon@daum.net,1985-08-21,1985,38,여자,경기도,경상남도 창원시 성주동,661,944,65,구름 조금,2023-10-03 16:30
11,ijihyeon@daum.net,1985-08-21,1985,38,여자,경기도,경상남도 창원시 성주동,2236,3194,65,비,2023-10-03 17:00
11,ijihyeon@daum.net,1985-08-21,1985,38,여자,경기도,경상남도 창원시 성주동,922,1317,65,비,2023-10-03 17:30
11,ijihyeon@daum.net,1985-08-21,1985,38,여자,경기도,경상남도 창원시 성주동,786,1123,65,비,2023-10-03 18:00
11,ijihyeon@daum.net,1985-08-21,1985,38,여자,경기도,경상남도 창원시 성주동,622,889,65,비,2023-10-03 18:30
11,ijihyeon@daum.net,1985-08-21,1985,38,여자,경기도,경상남도 창원시 성주동,278,397,65,비,2023-10-03 19:00
11,ijihyeon@daum.net,1985-08-21,1985,38,여자,경기도,경상남도 창원시 성주동,469,670,65,비,2023-10-03 19:30
11,ijihyeon@daum.net,1985-08-21,1985,38,여자,경기도,경상남도 창원시 성주동,2769,3956,65,비,2023-10-03 20:00
11,ijihyeon@daum.net,1985-08-21,1985,38,여자,경기도,경상남도 창원시 성주동,1754,2506,65,비,2023-10-03 20:30
11,ijihyeon@daum.net,1985-08-21,1985,38,여자,경기도,경상남도 창원시 성주동,1872,2674,65,구름 조금,2023-10-03 21:00
11,ijihyeon@daum.net,1985-08-21,1985,38,여자,경기도,경상남도 창원시 성주동,815,1164,65,구름 조금,2023-10-03 21:30
11,ijihyeon@daum.net,1985-08-21,1985,38,여자,경기도,경상남도 창원시 성주동,1124,1606,65,구름 조금,2023-10-03 22:00
11,ijihyeon@daum.net,1985-08-21,1985,38,여자,경기도,경상남도 창원시 성주동,2060,2943,65,구름 조금,2023-10-03 22:30
11,ijihyeon@daum.net,1985-08-21,1985,38,여자,경기도,경상남도 창원시 성주동,2251,3216,65,구름 조금,2023-10-03 23:00
11,ijihyeon@daum.net,1985-08-21,1985,38,여자,경기도,경상남도 창원시 성주동,1160,1657,65,구름 조금,2023-10-03 23:30
12,sugjao@naver.com,1963-10-17,1963,60,남자,경상북도,경기도 성남시 분당구 정자동,266,380,72,구름 조금,2023-10-03 0:00
12,sugjao@naver.com,1963-10-17,1963,60,남자,경상북도,경기도 성남시 분당구 정자동,2910,4157,72,구름 조금,2023-10-03 0:30
12,sugjao@naver.com,1963-10-17,1963,60,남자,경상북도,경기도 성남시 분당구 정자동,1882,2689,72,구름 조금,2023-10-03 1:00
12,sugjao@naver.com,1963-10-17,1963,60,남자,경상북도,경기도 성남시 분당구 정자동,280,400,72,구름 조금,2023-10-03 1:30
12,sugjao@naver.com,1963-10-17,1963,60,남자,경상북도,경기도 성남시 분당구 정자동,2905,4150,72,구름 조금,2023-10-03 2:00
12,sugjao@naver.com,1963-10-17,1963,60,남자,경상북도,경기도 성남시 분당구 정자동,556,794,72,구름 조금,2023-10-03 2:30
12,sugjao@naver.com,1963-10-17,1963,60,남자,경상북도,경기도 성남시 분당구 정자동,1261,1801,72,구름 조금,2023-10-03 3:00
12,sugjao@naver.com,1963-10-17,1963,60,남자,경상북도,경기도 성남시 분당구 정자동,587,839,72,구름 조금,2023-10-03 3:30
12,sugjao@naver.com,1963-10-17,1963,60,남자,경상북도,경기도 성남시 분당구 정자동,1499,2141,72,구름 조금,2023-10-03 4:00
12,sugjao@naver.com,1963-10-17,1963,60,남자,경상북도,경기도 성남시 분당구 정자동,2006,2866,72,구름 조금,2023-10-03 4:30
12,sugjao@naver.com,1963-10-17,1963,60,남자,경상북도,경기도 성남시 분당구 정자동,1659,2370,72,구름 조금,2023-10-03 5:00
12,sugjao@naver.com,1963-10-17,1963,60,남자,경상북도,경기도 성남시 분당구 정자동,2056,2937,72,구름 조금,2023-10-03 5:30
12,sugjao@naver.com,1963-10-17,1963,60,남자,경상북도,경기도 성남시 분당구 정자동,1262,1803,72,구름 조금,2023-10-03 6:00
12,sugjao@naver.com,1963-10-17,1963,60,남자,경상북도,경기도 성남시 분당구 정자동,561,801,72,구름 조금,2023-10-03 6:30
12,sugjao@naver.com,1963-10-17,1963,60,남자,경상북도,경기도 성남시 분당구 정자동,1485,2121,72,구름 조금,2023-10-03 7:00
12,sugjao@naver.com,1963-10-17,1963,60,남자,경상북도,경기도 성남시 분당구 정자동,504,720,72,구름 조금,2023-10-03 7:30
12,sugjao@naver.com,1963-10-17,1963,60,남자,경상북도,경기도 성남시 분당구 정자동,1427,2039,72,구름 조금,2023-10-03 8:00
12,sugjao@naver.com,1963-10-17,1963,60,남자,경상북도,경기도 성남시 분당구 정자동,1926,2751,72,구름 조금,2023-10-03 8:30
12,sugjao@naver.com,1963-10-17,1963,60,남자,경상북도,경기도 성남시 분당구 정자동,652,931,72,구름 조금,2023-10-03 9:00
12,sugjao@naver.com,1963-10-17,1963,60,남자,경상북도,경기도 성남시 분당구 정자동,1698,2426,72,구름 조금,2023-10-03 9:30
12,sugjao@naver.com,1963-10-17,1963,60,남자,경상북도,경기도 성남시 분당구 정자동,1443,2061,72,구름 조금,2023-10-03 10:00
12,sugjao@naver.com,1963-10-17,1963,60,남자,경상북도,경기도 성남시 분당구 정자동,1387,1981,72,구름 조금,2023-10-03 10:30
12,sugjao@naver.com,1963-10-17,1963,60,남자,경상북도,경기도 성남시 분당구 정자동,1907,2724,72,구름 조금,2023-10-03 11:00
12,sugjao@naver.com,1963-10-17,1963,60,남자,경상북도,경기도 성남시 분당구 정자동,887,1267,72,구름 조금,2023-10-03 11:30
12,sugjao@naver.com,1963-10-17,1963,60,남자,경상북도,경기도 성남시 분당구 정자동,1857,2653,72,구름 조금,2023-10-03 12:00
12,sugjao@naver.com,1963-10-17,1963,60,남자,경상북도,경기도 성남시 분당구 정자동,1181,1687,72,구름 조금,2023-10-03 12:30
12,sugjao@naver.com,1963-10-17,1963,60,남자,경상북도,경기도 성남시 분당구 정자동,1440,2057,72,구름 조금,2023-10-03 13:00
12,sugjao@naver.com,1963-10-17,1963,60,남자,경상북도,경기도 성남시 분당구 정자동,1163,1661,72,구름 조금,2023-10-03 13:30
12,sugjao@naver.com,1963-10-17,1963,60,남자,경상북도,경기도 성남시 분당구 정자동,1443,2061,72,구름 조금,2023-10-03 14:00
12,sugjao@naver.com,1963-10-17,1963,60,남자,경상북도,경기도 성남시 분당구 정자동,208,297,72,구름 조금,2023-10-03 14:30
12,sugjao@naver.com,1963-10-17,1963,60,남자,경상북도,경기도 성남시 분당구 정자동,385,550,72,구름 조금,2023-10-03 15:00
12,sugjao@naver.com,1963-10-17,1963,60,남자,경상북도,경기도 성남시 분당구 정자동,650,929,72,구름 조금,2023-10-03 15:30
12,sugjao@naver.com,1963-10-17,1963,60,남자,경상북도,경기도 성남시 분당구 정자동,1407,2010,72,구름 조금,2023-10-03 16:00
12,sugjao@naver.com,1963-10-17,1963,60,남자,경상북도,경기도 성남시 분당구 정자동,485,693,72,구름 조금,2023-10-03 16:30
12,sugjao@naver.com,1963-10-17,1963,60,남자,경상북도,경기도 성남시 분당구 정자동,330,471,72,흐림,2023-10-03 17:00
12,sugjao@naver.com,1963-10-17,1963,60,남자,경상북도,경기도 성남시 분당구 정자동,452,646,72,흐림,2023-10-03 17:30
12,sugjao@naver.com,1963-10-17,1963,60,남자,경상북도,경기도 성남시 분당구 정자동,864,1234,72,흐림,2023-10-03 18:00
12,sugjao@naver.com,1963-10-17,1963,60,남자,경상북도,경기도 성남시 분당구 정자동,863,1233,72,구름 조금,2023-10-03 18:30
12,sugjao@naver.com,1963-10-17,1963,60,남자,경상북도,경기도 성남시 분당구 정자동,1300,1857,72,구름 조금,2023-10-03 19:00
12,sugjao@naver.com,1963-10-17,1963,60,남자,경상북도,경기도 성남시 분당구 정자동,1878,2683,72,구름 조금,2023-10-03 19:30
12,sugjao@naver.com,1963-10-17,1963,60,남자,경상북도,경기도 성남시 분당구 정자동,1065,1521,72,구름 조금,2023-10-03 20:00
12,sugjao@naver.com,1963-10-17,1963,60,남자,경상북도,경기도 성남시 분당구 정자동,1155,1650,72,맑으나 때때로 구름,2023-10-03 20:30
12,sugjao@naver.com,1963-10-17,1963,60,남자,경상북도,경기도 성남시 분당구 정자동,733,1047,72,맑으나 때때로 구름,2023-10-03 21:00
12,sugjao@naver.com,1963-10-17,1963,60,남자,경상북도,경기도 성남시 분당구 정자동,1055,1507,72,맑으나 때때로 구름,2023-10-03 21:30
12,sugjao@naver.com,1963-10-17,1963,60,남자,경상북도,경기도 성남시 분당구 정자동,1613,2304,72,맑으나 때때로 구름,2023-10-03 22:00
12,sugjao@naver.com,1963-10-17,1963,60,남자,경상북도,경기도 성남시 분당구 정자동,1881,2687,72,맑으나 때때로 구름,2023-10-03 22:30
12,sugjao@naver.com,1963-10-17,1963,60,남자,경상북도,경기도 성남시 분당구 정자동,735,1050,72,맑으나 때때로 구름,2023-10-03 23:00
12,sugjao@naver.com,1963-10-17,1963,60,남자,경상북도,경기도 성남시 분당구 정자동,532,760,72,맑으나 때때로 구름,2023-10-03 23:30
13,seojiweon@live.com,1993-03-10,1993,30,여자,충청남도,충청북도 청주시 서원구 사직1동,1237,1767,68,맑으나 때때로 구름,2023-10-03 0:00
13,seojiweon@live.com,1993-03-10,1993,30,여자,충청남도,충청북도 청주시 서원구 사직2동,1483,2119,68,맑으나 때때로 구름,2023-10-03 0:30
13,seojiweon@live.com,1993-03-10,1993,30,여자,충청남도,충청북도 청주시 서원구 사직3동,328,469,68,맑으나 때때로 구름,2023-10-03 1:00
13,seojiweon@live.com,1993-03-10,1993,30,여자,충청남도,충청북도 청주시 서원구 사직4동,1917,2739,68,맑으나 때때로 구름,2023-10-03 1:30
13,seojiweon@live.com,1993-03-10,1993,30,여자,충청남도,충청북도 청주시 서원구 사직5동,837,1196,68,맑으나 때때로 구름,2023-10-03 2:00
13,seojiweon@live.com,1993-03-10,1993,30,여자,충청남도,충청북도 청주시 서원구 사직6동,692,989,68,맑으나 때때로 구름,2023-10-03 2:30
13,seojiweon@live.com,1993-03-10,1993,30,여자,충청남도,충청북도 청주시 서원구 사직7동,1467,2096,68,맑으나 때때로 구름,2023-10-03 3:00
13,seojiweon@live.com,1993-03-10,1993,30,여자,충청남도,충청북도 청주시 서원구 사직8동,1952,2789,68,맑으나 때때로 구름,2023-10-03 3:30
13,seojiweon@live.com,1993-03-10,1993,30,여자,충청남도,충청북도 청주시 서원구 사직9동,810,1157,68,맑으나 때때로 구름,2023-10-03 4:00
13,seojiweon@live.com,1993-03-10,1993,30,여자,충청남도,충청북도 청주시 서원구 사직10동,1401,2001,68,맑으나 때때로 구름,2023-10-03 4:30
13,seojiweon@live.com,1993-03-10,1993,30,여자,충청남도,충청북도 청주시 서원구 사직11동,230,329,68,맑으나 때때로 구름,2023-10-03 5:00
13,seojiweon@live.com,1993-03-10,1993,30,여자,충청남도,충청북도 청주시 서원구 사직12동,1098,1569,68,맑으나 때때로 구름,2023-10-03 5:30
13,seojiweon@live.com,1993-03-10,1993,30,여자,충청남도,충청북도 청주시 서원구 사직13동,1101,1573,68,맑으나 때때로 구름,2023-10-03 6:00
13,seojiweon@live.com,1993-03-10,1993,30,여자,충청남도,충청북도 청주시 서원구 사직14동,1913,2733,68,맑으나 때때로 구름,2023-10-03 6:30
13,seojiweon@live.com,1993-03-10,1993,30,여자,충청남도,충청북도 청주시 서원구 사직15동,1273,1819,68,맑으나 때때로 구름,2023-10-03 7:00
13,seojiweon@live.com,1993-03-10,1993,30,여자,충청남도,충청북도 청주시 서원구 사직16동,1413,2019,68,맑으나 때때로 구름,2023-10-03 7:30
13,seojiweon@live.com,1993-03-10,1993,30,여자,충청남도,충청북도 청주시 서원구 사직17동,294,420,68,맑으나 때때로 구름,2023-10-03 8:00
13,seojiweon@live.com,1993-03-10,1993,30,여자,충청남도,충청북도 청주시 서원구 사직18동,289,413,68,맑으나 때때로 구름,2023-10-03 8:30
13,seojiweon@live.com,1993-03-10,1993,30,여자,충청남도,충청북도 청주시 서원구 사직19동,1866,2666,68,맑으나 때때로 구름,2023-10-03 9:00
13,seojiweon@live.com,1993-03-10,1993,30,여자,충청남도,충청북도 청주시 서원구 사직20동,1751,2501,68,맑으나 때때로 구름,2023-10-03 9:30
13,seojiweon@live.com,1993-03-10,1993,30,여자,충청남도,충청북도 청주시 서원구 사직21동,1795,2564,68,맑으나 때때로 구름,2023-10-03 10:00
13,seojiweon@live.com,1993-03-10,1993,30,여자,충청남도,충청북도 청주시 서원구 사직22동,1229,1756,68,맑으나 때때로 구름,2023-10-03 10:30
13,seojiweon@live.com,1993-03-10,1993,30,여자,충청남도,충청북도 청주시 서원구 사직23동,774,1106,68,맑으나 때때로 구름,2023-10-03 11:00
13,seojiweon@live.com,1993-03-10,1993,30,여자,충청남도,충청북도 청주시 서원구 사직24동,738,1054,68,맑으나 때때로 구름,2023-10-03 11:30
13,seojiweon@live.com,1993-03-10,1993,30,여자,충청남도,충청북도 청주시 서원구 사직25동,1450,2071,68,맑으나 때때로 구름,2023-10-03 12:00
13,seojiweon@live.com,1993-03-10,1993,30,여자,충청남도,충청북도 청주시 서원구 사직26동,1290,1843,68,맑으나 때때로 구름,2023-10-03 12:30
13,seojiweon@live.com,1993-03-10,1993,30,여자,충청남도,충청북도 청주시 서원구 사직27동,789,1127,68,맑으나 때때로 구름,2023-10-03 13:00
13,seojiweon@live.com,1993-03-10,1993,30,여자,충청남도,충청북도 청주시 서원구 사직28동,318,454,68,맑으나 때때로 구름,2023-10-03 13:30
13,seojiweon@live.com,1993-03-10,1993,30,여자,충청남도,충청북도 청주시 서원구 사직29동,1954,2791,68,맑으나 때때로 구름,2023-10-03 14:00
13,seojiweon@live.com,1993-03-10,1993,30,여자,충청남도,충청북도 청주시 서원구 사직30동,898,1283,68,맑으나 때때로 구름,2023-10-03 14:30
13,seojiweon@live.com,1993-03-10,1993,30,여자,충청남도,충청북도 청주시 서원구 사직31동,480,686,68,맑으나 때때로 구름,2023-10-03 15:00
13,seojiweon@live.com,1993-03-10,1993,30,여자,충청남도,충청북도 청주시 서원구 사직32동,1951,2787,68,맑으나 때때로 구름,2023-10-03 15:30
13,seojiweon@live.com,1993-03-10,1993,30,여자,충청남도,충청북도 청주시 서원구 사직33동,1012,1446,68,구름 조금,2023-10-03 16:00
13,seojiweon@live.com,1993-03-10,1993,30,여자,충청남도,충청북도 청주시 서원구 사직34동,822,1174,68,구름 조금,2023-10-03 16:30
13,seojiweon@live.com,1993-03-10,1993,30,여자,충청남도,충청북도 청주시 서원구 사직35동,493,704,68,구름 조금,2023-10-03 17:00
13,seojiweon@live.com,1993-03-10,1993,30,여자,충청남도,충청북도 청주시 서원구 사직36동,761,1087,68,구름 조금,2023-10-03 17:30
13,seojiweon@live.com,1993-03-10,1993,30,여자,충청남도,충청북도 청주시 서원구 사직37동,1714,2449,68,구름 조금,2023-10-03 18:00
13,seojiweon@live.com,1993-03-10,1993,30,여자,충청남도,충청북도 청주시 서원구 사직38동,1923,2747,68,구름 조금,2023-10-03 18:30
13,seojiweon@live.com,1993-03-10,1993,30,여자,충청남도,충청북도 청주시 서원구 사직39동,625,893,68,구름 조금,2023-10-03 19:00
13,seojiweon@live.com,1993-03-10,1993,30,여자,충청남도,충청북도 청주시 서원구 사직40동,1517,2167,68,구름 조금,2023-10-03 19:30
13,seojiweon@live.com,1993-03-10,1993,30,여자,충청남도,충청북도 청주시 서원구 사직41동,1084,1549,68,구름 조금,2023-10-03 20:00
13,seojiweon@live.com,1993-03-10,1993,30,여자,충청남도,충청북도 청주시 서원구 사직42동,932,1331,68,구름 조금,2023-10-03 20:30
13,seojiweon@live.com,1993-03-10,1993,30,여자,충청남도,충청북도 청주시 서원구 사직43동,1749,2499,68,대체로 흐림,2023-10-03 21:00
13,seojiweon@live.com,1993-03-10,1993,30,여자,충청남도,충청북도 청주시 서원구 사직44동,1657,2367,68,대체로 흐림,2023-10-03 21:30
13,seojiweon@live.com,1993-03-10,1993,30,여자,충청남도,충청북도 청주시 서원구 사직45동,1019,1456,68,대체로 흐림,2023-10-03 22:00
13,seojiweon@live.com,1993-03-10,1993,30,여자,충청남도,충청북도 청주시 서원구 사직46동,795,1136,68,대체로 흐림,2023-10-03 22:30
13,seojiweon@live.com,1993-03-10,1993,30,여자,충청남도,충청북도 청주시 서원구 사직47동,1441,2059,68,대체로 흐림,2023-10-03 23:00
13,seojiweon@live.com,1993-03-10,1993,30,여자,충청남도,충청북도 청주시 서원구 사직48동,1929,2756,68,대체로 흐림,2023-10-03 23:30
14,jaehocoe@dreamwiz.com,1975-08-19,1975,48,남자,경상남도,경상남도 김해시 불암동,1216,1737,79,맑으나 때때로 구름,2023-10-03 0:00
14,jaehocoe@dreamwiz.com,1975-08-19,1975,48,남자,경상남도,경상남도 김해시 불암동,3761,5373,79,맑으나 때때로 구름,2023-10-03 0:30
14,jaehocoe@dreamwiz.com,1975-08-19,1975,48,남자,경상남도,경상남도 김해시 불암동,554,791,79,맑으나 때때로 구름,2023-10-03 1:00
14,jaehocoe@dreamwiz.com,1975-08-19,1975,48,남자,경상남도,경상남도 김해시 불암동,1365,1950,79,맑으나 때때로 구름,2023-10-03 1:30
14,jaehocoe@dreamwiz.com,1975-08-19,1975,48,남자,경상남도,경상남도 김해시 불암동,1264,1806,79,맑으나 때때로 구름,2023-10-03 2:00
14,jaehocoe@dreamwiz.com,1975-08-19,1975,48,남자,경상남도,경상남도 김해시 불암동,1470,2100,79,맑으나 때때로 구름,2023-10-03 2:30
14,jaehocoe@dreamwiz.com,1975-08-19,1975,48,남자,경상남도,경상남도 김해시 불암동,3321,4744,79,맑으나 때때로 구름,2023-10-03 3:00
14,jaehocoe@dreamwiz.com,1975-08-19,1975,48,남자,경상남도,경상남도 김해시 불암동,990,1414,79,맑으나 때때로 구름,2023-10-03 3:30
14,jaehocoe@dreamwiz.com,1975-08-19,1975,48,남자,경상남도,경상남도 김해시 불암동,2943,4204,79,맑으나 때때로 구름,2023-10-03 4:00
14,jaehocoe@dreamwiz.com,1975-08-19,1975,48,남자,경상남도,경상남도 김해시 불암동,3068,4383,79,맑으나 때때로 구름,2023-10-03 4:30
14,jaehocoe@dreamwiz.com,1975-08-19,1975,48,남자,경상남도,경상남도 김해시 불암동,1465,2093,79,대체로 맑음,2023-10-03 5:00
14,jaehocoe@dreamwiz.com,1975-08-19,1975,48,남자,경상남도,경상남도 김해시 불암동,3426,4894,79,대체로 맑음,2023-10-03 5:30
14,jaehocoe@dreamwiz.com,1975-08-19,1975,48,남자,경상남도,경상남도 김해시 불암동,839,1199,79,대체로 맑음,2023-10-03 6:00
14,jaehocoe@dreamwiz.com,1975-08-19,1975,48,남자,경상남도,경상남도 김해시 불암동,1314,1877,79,대체로 맑음,2023-10-03 6:30
14,jaehocoe@dreamwiz.com,1975-08-19,1975,48,남자,경상남도,경상남도 김해시 불암동,1570,2243,79,대체로 맑음,2023-10-03 7:00
14,jaehocoe@dreamwiz.com,1975-08-19,1975,48,남자,경상남도,경상남도 김해시 불암동,2771,3959,79,대체로 맑음,2023-10-03 7:30
14,jaehocoe@dreamwiz.com,1975-08-19,1975,48,남자,경상남도,경상남도 김해시 불암동,3955,5650,79,대체로 맑음,2023-10-03 8:00
14,jaehocoe@dreamwiz.com,1975-08-19,1975,48,남자,경상남도,경상남도 김해시 불암동,2423,3461,79,대체로 맑음,2023-10-03 8:30
14,jaehocoe@dreamwiz.com,1975-08-19,1975,48,남자,경상남도,경상남도 김해시 불암동,1600,2286,79,대체로 맑음,2023-10-03 9:00
14,jaehocoe@dreamwiz.com,1975-08-19,1975,48,남자,경상남도,경상남도 김해시 불암동,3882,5546,79,대체로 맑음,2023-10-03 9:30
14,jaehocoe@dreamwiz.com,1975-08-19,1975,48,남자,경상남도,경상남도 김해시 불암동,3717,5310,79,대체로 맑음,2023-10-03 10:00
14,jaehocoe@dreamwiz.com,1975-08-19,1975,48,남자,경상남도,경상남도 김해시 불암동,1641,2344,79,대체로 맑음,2023-10-03 10:30
14,jaehocoe@dreamwiz.com,1975-08-19,1975,48,남자,경상남도,경상남도 김해시 불암동,3752,5360,79,대체로 맑음,2023-10-03 11:00
14,jaehocoe@dreamwiz.com,1975-08-19,1975,48,남자,경상남도,경상남도 김해시 불암동,818,1169,79,대체로 맑음,2023-10-03 11:30
14,jaehocoe@dreamwiz.com,1975-08-19,1975,48,남자,경상남도,경상남도 김해시 불암동,1497,2139,79,대체로 맑음,2023-10-03 12:00
14,jaehocoe@dreamwiz.com,1975-08-19,1975,48,남자,경상남도,경상남도 김해시 불암동,3135,4479,79,대체로 맑음,2023-10-03 12:30
14,jaehocoe@dreamwiz.com,1975-08-19,1975,48,남자,경상남도,경상남도 김해시 불암동,2901,4144,79,대체로 맑음,2023-10-03 13:00
14,jaehocoe@dreamwiz.com,1975-08-19,1975,48,남자,경상남도,경상남도 김해시 불암동,1734,2477,79,대체로 맑음,2023-10-03 13:30
14,jaehocoe@dreamwiz.com,1975-08-19,1975,48,남자,경상남도,경상남도 김해시 불암동,1791,2559,79,대체로 맑음,2023-10-03 14:00
14,jaehocoe@dreamwiz.com,1975-08-19,1975,48,남자,경상남도,경상남도 김해시 불암동,1860,2657,79,대체로 맑음,2023-10-03 14:30
14,jaehocoe@dreamwiz.com,1975-08-19,1975,48,남자,경상남도,경상남도 김해시 불암동,2451,3501,79,대체로 맑음,2023-10-03 15:00
14,jaehocoe@dreamwiz.com,1975-08-19,1975,48,남자,경상남도,경상남도 김해시 불암동,3574,5106,79,대체로 맑음,2023-10-03 15:30
14,jaehocoe@dreamwiz.com,1975-08-19,1975,48,남자,경상남도,경상남도 김해시 불암동,890,1271,79,대체로 맑음,2023-10-03 16:00
14,jaehocoe@dreamwiz.com,1975-08-19,1975,48,남자,경상남도,경상남도 김해시 불암동,584,834,79,대체로 맑음,2023-10-03 16:30
14,jaehocoe@dreamwiz.com,1975-08-19,1975,48,남자,경상남도,경상남도 김해시 불암동,2284,3263,79,대체로 맑음,2023-10-03 17:00
14,jaehocoe@dreamwiz.com,1975-08-19,1975,48,남자,경상남도,경상남도 김해시 불암동,3291,4701,79,대체로 맑음,2023-10-03 17:30
14,jaehocoe@dreamwiz.com,1975-08-19,1975,48,남자,경상남도,경상남도 김해시 불암동,719,1027,79,맑으나 때때로 구름,2023-10-03 18:00
14,jaehocoe@dreamwiz.com,1975-08-19,1975,48,남자,경상남도,경상남도 김해시 불암동,2701,3859,79,맑으나 때때로 구름,2023-10-03 18:30
14,jaehocoe@dreamwiz.com,1975-08-19,1975,48,남자,경상남도,경상남도 김해시 불암동,3795,5421,79,맑으나 때때로 구름,2023-10-03 19:00
14,jaehocoe@dreamwiz.com,1975-08-19,1975,48,남자,경상남도,경상남도 김해시 불암동,1165,1664,79,맑으나 때때로 구름,2023-10-03 19:30
14,jaehocoe@dreamwiz.com,1975-08-19,1975,48,남자,경상남도,경상남도 김해시 불암동,1582,2260,79,맑으나 때때로 구름,2023-10-03 20:00
14,jaehocoe@dreamwiz.com,1975-08-19,1975,48,남자,경상남도,경상남도 김해시 불암동,1069,1527,79,맑으나 때때로 구름,2023-10-03 20:30
14,jaehocoe@dreamwiz.com,1975-08-19,1975,48,남자,경상남도,경상남도 김해시 불암동,3479,4970,79,맑으나 때때로 구름,2023-10-03 21:00
14,jaehocoe@dreamwiz.com,1975-08-19,1975,48,남자,경상남도,경상남도 김해시 불암동,2938,4197,79,맑으나 때때로 구름,2023-10-03 21:30
14,jaehocoe@dreamwiz.com,1975-08-19,1975,48,남자,경상남도,경상남도 김해시 불암동,2851,4073,79,맑으나 때때로 구름,2023-10-03 22:00
14,jaehocoe@dreamwiz.com,1975-08-19,1975,48,남자,경상남도,경상남도 김해시 불암동,736,1051,79,맑으나 때때로 구름,2023-10-03 22:30
14,jaehocoe@dreamwiz.com,1975-08-19,1975,48,남자,경상남도,경상남도 김해시 불암동,1330,1900,79,맑으나 때때로 구름,2023-10-03 23:00
14,jaehocoe@dreamwiz.com,1975-08-19,1975,48,남자,경상남도,경상남도 김해시 불암동,1937,2767,79,맑으나 때때로 구름,2023-10-03 23:30
15,ccoe@dreamwiz.com,1996-05-19,1996,27,남자,경기도,경상남도 창원시 성주동,1911,2730,54,맑으나 때때로 구름,2023-10-03 0:00
15,ccoe@dreamwiz.com,1996-05-19,1996,27,남자,경기도,경상남도 창원시 성주동,2294,3277,54,맑으나 때때로 구름,2023-10-03 0:30
15,ccoe@dreamwiz.com,1996-05-19,1996,27,남자,경기도,경상남도 창원시 성주동,2397,3424,54,맑으나 때때로 구름,2023-10-03 1:00
15,ccoe@dreamwiz.com,1996-05-19,1996,27,남자,경기도,경상남도 창원시 성주동,1334,1906,54,맑으나 때때로 구름,2023-10-03 1:30
15,ccoe@dreamwiz.com,1996-05-19,1996,27,남자,경기도,경상남도 창원시 성주동,2464,3520,54,맑으나 때때로 구름,2023-10-03 2:00
15,ccoe@dreamwiz.com,1996-05-19,1996,27,남자,경기도,경상남도 창원시 성주동,731,1044,54,맑으나 때때로 구름,2023-10-03 2:30
15,ccoe@dreamwiz.com,1996-05-19,1996,27,남자,경기도,경상남도 창원시 성주동,2971,4244,54,맑으나 때때로 구름,2023-10-03 3:00
15,ccoe@dreamwiz.com,1996-05-19,1996,27,남자,경기도,경상남도 창원시 성주동,1997,2853,54,맑으나 때때로 구름,2023-10-03 3:30
15,ccoe@dreamwiz.com,1996-05-19,1996,27,남자,경기도,경상남도 창원시 성주동,2425,3464,54,맑으나 때때로 구름,2023-10-03 4:00
15,ccoe@dreamwiz.com,1996-05-19,1996,27,남자,경기도,경상남도 창원시 성주동,3982,5689,54,맑으나 때때로 구름,2023-10-03 4:30
15,ccoe@dreamwiz.com,1996-05-19,1996,27,남자,경기도,경상남도 창원시 성주동,2602,3717,54,대체로 맑음,2023-10-03 5:00
15,ccoe@dreamwiz.com,1996-05-19,1996,27,남자,경기도,경상남도 창원시 성주동,685,979,54,대체로 맑음,2023-10-03 5:30
15,ccoe@dreamwiz.com,1996-05-19,1996,27,남자,경기도,경상남도 창원시 성주동,774,1106,54,대체로 맑음,2023-10-03 6:00
15,ccoe@dreamwiz.com,1996-05-19,1996,27,남자,경기도,경상남도 창원시 성주동,885,1264,54,대체로 맑음,2023-10-03 6:30
15,ccoe@dreamwiz.com,1996-05-19,1996,27,남자,경기도,경상남도 창원시 성주동,3684,5263,54,대체로 맑음,2023-10-03 7:00
15,ccoe@dreamwiz.com,1996-05-19,1996,27,남자,경기도,경상남도 창원시 성주동,1066,1523,54,대체로 맑음,2023-10-03 7:30
15,ccoe@dreamwiz.com,1996-05-19,1996,27,남자,경기도,경상남도 창원시 성주동,1314,1877,54,대체로 맑음,2023-10-03 8:00
15,ccoe@dreamwiz.com,1996-05-19,1996,27,남자,경기도,경상남도 창원시 성주동,1512,2160,54,대체로 맑음,2023-10-03 8:30
15,ccoe@dreamwiz.com,1996-05-19,1996,27,남자,경기도,경상남도 창원시 성주동,1439,2056,54,대체로 맑음,2023-10-03 9:00
15,ccoe@dreamwiz.com,1996-05-19,1996,27,남자,경기도,경상남도 창원시 성주동,3535,5050,54,대체로 맑음,2023-10-03 9:30
15,ccoe@dreamwiz.com,1996-05-19,1996,27,남자,경기도,경상남도 창원시 성주동,3620,5171,54,대체로 맑음,2023-10-03 10:00
15,ccoe@dreamwiz.com,1996-05-19,1996,27,남자,경기도,경상남도 창원시 성주동,2342,3346,54,대체로 맑음,2023-10-03 10:30
15,ccoe@dreamwiz.com,1996-05-19,1996,27,남자,경기도,경상남도 창원시 성주동,2393,3419,54,대체로 맑음,2023-10-03 11:00
15,ccoe@dreamwiz.com,1996-05-19,1996,27,남자,경기도,경상남도 창원시 성주동,3453,4933,54,대체로 맑음,2023-10-03 11:30
15,ccoe@dreamwiz.com,1996-05-19,1996,27,남자,경기도,경상남도 창원시 성주동,2748,3926,54,대체로 맑음,2023-10-03 12:00
15,ccoe@dreamwiz.com,1996-05-19,1996,27,남자,경기도,경상남도 창원시 성주동,2547,3639,54,대체로 맑음,2023-10-03 12:30
15,ccoe@dreamwiz.com,1996-05-19,1996,27,남자,경기도,경상남도 창원시 성주동,949,1356,54,대체로 맑음,2023-10-03 13:00
15,ccoe@dreamwiz.com,1996-05-19,1996,27,남자,경기도,경상남도 창원시 성주동,1682,2403,54,대체로 맑음,2023-10-03 13:30
15,ccoe@dreamwiz.com,1996-05-19,1996,27,남자,경기도,경상남도 창원시 성주동,481,687,54,대체로 맑음,2023-10-03 14:00
15,ccoe@dreamwiz.com,1996-05-19,1996,27,남자,경기도,경상남도 창원시 성주동,3212,4589,54,대체로 맑음,2023-10-03 14:30
15,ccoe@dreamwiz.com,1996-05-19,1996,27,남자,경기도,경상남도 창원시 성주동,1844,2634,54,대체로 맑음,2023-10-03 15:00
15,ccoe@dreamwiz.com,1996-05-19,1996,27,남자,경기도,경상남도 창원시 성주동,2216,3166,54,대체로 맑음,2023-10-03 15:30
15,ccoe@dreamwiz.com,1996-05-19,1996,27,남자,경기도,경상남도 창원시 성주동,3587,5124,54,대체로 맑음,2023-10-03 16:00
15,ccoe@dreamwiz.com,1996-05-19,1996,27,남자,경기도,경상남도 창원시 성주동,3297,4710,54,대체로 맑음,2023-10-03 16:30
15,ccoe@dreamwiz.com,1996-05-19,1996,27,남자,경기도,경상남도 창원시 성주동,2450,3500,54,대체로 맑음,2023-10-03 17:00
15,ccoe@dreamwiz.com,1996-05-19,1996,27,남자,경기도,경상남도 창원시 성주동,3740,5343,54,대체로 맑음,2023-10-03 17:30
15,ccoe@dreamwiz.com,1996-05-19,1996,27,남자,경기도,경상남도 창원시 성주동,3343,4776,54,맑으나 때때로 구름,2023-10-03 18:00
15,ccoe@dreamwiz.com,1996-05-19,1996,27,남자,경기도,경상남도 창원시 성주동,2892,4131,54,맑으나 때때로 구름,2023-10-03 18:30
15,ccoe@dreamwiz.com,1996-05-19,1996,27,남자,경기도,경상남도 창원시 성주동,2290,3271,54,맑으나 때때로 구름,2023-10-03 19:00
15,ccoe@dreamwiz.com,1996-05-19,1996,27,남자,경기도,경상남도 창원시 성주동,3265,4664,54,맑으나 때때로 구름,2023-10-03 19:30
15,ccoe@dreamwiz.com,1996-05-19,1996,27,남자,경기도,경상남도 창원시 성주동,2542,3631,54,맑으나 때때로 구름,2023-10-03 20:00
15,ccoe@dreamwiz.com,1996-05-19,1996,27,남자,경기도,경상남도 창원시 성주동,2749,3927,54,맑으나 때때로 구름,2023-10-03 20:30
15,ccoe@dreamwiz.com,1996-05-19,1996,27,남자,경기도,경상남도 창원시 성주동,1321,1887,54,맑으나 때때로 구름,2023-10-03 21:00
15,ccoe@dreamwiz.com,1996-05-19,1996,27,남자,경기도,경상남도 창원시 성주동,2207,3153,54,맑으나 때때로 구름,2023-10-03 21:30
15,ccoe@dreamwiz.com,1996-05-19,1996,27,남자,경기도,경상남도 창원시 성주동,982,1403,54,맑으나 때때로 구름,2023-10-03 22:00
15,ccoe@dreamwiz.com,1996-05-19,1996,27,남자,경기도,경상남도 창원시 성주동,2410,3443,54,맑으나 때때로 구름,2023-10-03 22:30
15,ccoe@dreamwiz.com,1996-05-19,1996,27,남자,경기도,경상남도 창원시 성주동,3434,4906,54,맑으나 때때로 구름,2023-10-03 23:00
15,ccoe@dreamwiz.com,1996-05-19,1996,27,남자,경기도,경상남도 창원시 성주동,1193,1704,54,맑으나 때때로 구름,2023-10-03 23:30
16,ogsuni@hotmail.com,1964-12-14,1964,59,여자,경기도,제주도 서귀포시 중문동,1858,2654,70,구름 조금,2023-10-03 0:00
16,ogsuni@hotmail.com,1964-12-14,1964,59,여자,경기도,제주도 서귀포시 중문동,3385,4836,70,구름 조금,2023-10-03 0:30
16,ogsuni@hotmail.com,1964-12-14,1964,59,여자,경기도,제주도 서귀포시 중문동,1294,1849,70,구름 조금,2023-10-03 1:00
16,ogsuni@hotmail.com,1964-12-14,1964,59,여자,경기도,제주도 서귀포시 중문동,2515,3593,70,구름 조금,2023-10-03 1:30
16,ogsuni@hotmail.com,1964-12-14,1964,59,여자,경기도,제주도 서귀포시 중문동,3071,4387,70,구름 조금,2023-10-03 2:00
16,ogsuni@hotmail.com,1964-12-14,1964,59,여자,경기도,제주도 서귀포시 중문동,1758,2511,70,구름 조금,2023-10-03 2:30
16,ogsuni@hotmail.com,1964-12-14,1964,59,여자,경기도,제주도 서귀포시 중문동,2536,3623,70,구름 조금,2023-10-03 3:00
16,ogsuni@hotmail.com,1964-12-14,1964,59,여자,경기도,제주도 서귀포시 중문동,1289,1841,70,구름 조금,2023-10-03 3:30
16,ogsuni@hotmail.com,1964-12-14,1964,59,여자,경기도,제주도 서귀포시 중문동,2181,3116,70,구름 조금,2023-10-03 4:00
16,ogsuni@hotmail.com,1964-12-14,1964,59,여자,경기도,제주도 서귀포시 중문동,1680,2400,70,구름 조금,2023-10-03 4:30
16,ogsuni@hotmail.com,1964-12-14,1964,59,여자,경기도,제주도 서귀포시 중문동,1940,2771,70,구름 조금,2023-10-03 5:00
16,ogsuni@hotmail.com,1964-12-14,1964,59,여자,경기도,제주도 서귀포시 중문동,3544,5063,70,구름 조금,2023-10-03 5:30
16,ogsuni@hotmail.com,1964-12-14,1964,59,여자,경기도,제주도 서귀포시 중문동,2461,3516,70,구름 조금,2023-10-03 6:00
16,ogsuni@hotmail.com,1964-12-14,1964,59,여자,경기도,제주도 서귀포시 중문동,717,1024,70,구름 조금,2023-10-03 6:30
16,ogsuni@hotmail.com,1964-12-14,1964,59,여자,경기도,제주도 서귀포시 중문동,1594,2277,70,구름 조금,2023-10-03 7:00
16,ogsuni@hotmail.com,1964-12-14,1964,59,여자,경기도,제주도 서귀포시 중문동,1448,2069,70,구름 조금,2023-10-03 7:30
16,ogsuni@hotmail.com,1964-12-14,1964,59,여자,경기도,제주도 서귀포시 중문동,3470,4957,70,구름 조금,2023-10-03 8:00
16,ogsuni@hotmail.com,1964-12-14,1964,59,여자,경기도,제주도 서귀포시 중문동,3614,5163,70,구름 조금,2023-10-03 8:30
16,ogsuni@hotmail.com,1964-12-14,1964,59,여자,경기도,제주도 서귀포시 중문동,1677,2396,70,구름 조금,2023-10-03 9:00
16,ogsuni@hotmail.com,1964-12-14,1964,59,여자,경기도,제주도 서귀포시 중문동,2888,4126,70,구름 조금,2023-10-03 9:30
16,ogsuni@hotmail.com,1964-12-14,1964,59,여자,경기도,제주도 서귀포시 중문동,2387,3410,70,구름 조금,2023-10-03 10:00
16,ogsuni@hotmail.com,1964-12-14,1964,59,여자,경기도,제주도 서귀포시 중문동,2766,3951,70,구름 조금,2023-10-03 10:30
16,ogsuni@hotmail.com,1964-12-14,1964,59,여자,경기도,제주도 서귀포시 중문동,992,1417,70,구름 조금,2023-10-03 11:00
16,ogsuni@hotmail.com,1964-12-14,1964,59,여자,경기도,제주도 서귀포시 중문동,1211,1730,70,구름 조금,2023-10-03 11:30
16,ogsuni@hotmail.com,1964-12-14,1964,59,여자,경기도,제주도 서귀포시 중문동,2271,3244,70,구름 조금,2023-10-03 12:00
16,ogsuni@hotmail.com,1964-12-14,1964,59,여자,경기도,제주도 서귀포시 중문동,1586,2266,70,구름 조금,2023-10-03 12:30
16,ogsuni@hotmail.com,1964-12-14,1964,59,여자,경기도,제주도 서귀포시 중문동,2114,3020,70,구름 조금,2023-10-03 13:00
16,ogsuni@hotmail.com,1964-12-14,1964,59,여자,경기도,제주도 서귀포시 중문동,3275,4679,70,구름 조금,2023-10-03 13:30
16,ogsuni@hotmail.com,1964-12-14,1964,59,여자,경기도,제주도 서귀포시 중문동,2213,3161,70,구름 조금,2023-10-03 14:00
16,ogsuni@hotmail.com,1964-12-14,1964,59,여자,경기도,제주도 서귀포시 중문동,1917,2739,70,구름 조금,2023-10-03 14:30
16,ogsuni@hotmail.com,1964-12-14,1964,59,여자,경기도,제주도 서귀포시 중문동,2999,4284,70,구름 조금,2023-10-03 15:00
16,ogsuni@hotmail.com,1964-12-14,1964,59,여자,경기도,제주도 서귀포시 중문동,502,717,70,구름 조금,2023-10-03 15:30
16,ogsuni@hotmail.com,1964-12-14,1964,59,여자,경기도,제주도 서귀포시 중문동,1967,2810,70,구름 조금,2023-10-03 16:00
16,ogsuni@hotmail.com,1964-12-14,1964,59,여자,경기도,제주도 서귀포시 중문동,1600,2286,70,소나기,2023-10-03 16:30
16,ogsuni@hotmail.com,1964-12-14,1964,59,여자,경기도,제주도 서귀포시 중문동,1739,2484,70,소나기,2023-10-03 17:00
16,ogsuni@hotmail.com,1964-12-14,1964,59,여자,경기도,제주도 서귀포시 중문동,2909,4156,70,소나기,2023-10-03 17:30
16,ogsuni@hotmail.com,1964-12-14,1964,59,여자,경기도,제주도 서귀포시 중문동,1129,1613,70,소나기,2023-10-03 18:00
16,ogsuni@hotmail.com,1964-12-14,1964,59,여자,경기도,제주도 서귀포시 중문동,2758,3940,70,소나기,2023-10-03 18:30
16,ogsuni@hotmail.com,1964-12-14,1964,59,여자,경기도,제주도 서귀포시 중문동,2728,3897,70,소나기,2023-10-03 19:00
16,ogsuni@hotmail.com,1964-12-14,1964,59,여자,경기도,제주도 서귀포시 중문동,568,811,70,구름 조금,2023-10-03 19:30
16,ogsuni@hotmail.com,1964-12-14,1964,59,여자,경기도,제주도 서귀포시 중문동,3672,5246,70,구름 조금,2023-10-03 20:00
16,ogsuni@hotmail.com,1964-12-14,1964,59,여자,경기도,제주도 서귀포시 중문동,2284,3263,70,구름 조금,2023-10-03 20:30
16,ogsuni@hotmail.com,1964-12-14,1964,59,여자,경기도,제주도 서귀포시 중문동,890,1271,70,구름 조금,2023-10-03 21:00
16,ogsuni@hotmail.com,1964-12-14,1964,59,여자,경기도,제주도 서귀포시 중문동,1358,1940,70,구름 조금,2023-10-03 21:30
16,ogsuni@hotmail.com,1964-12-14,1964,59,여자,경기도,제주도 서귀포시 중문동,2019,2884,70,구름 조금,2023-10-03 22:00
16,ogsuni@hotmail.com,1964-12-14,1964,59,여자,경기도,제주도 서귀포시 중문동,546,780,70,구름 조금,2023-10-03 22:30
16,ogsuni@hotmail.com,1964-12-14,1964,59,여자,경기도,제주도 서귀포시 중문동,3336,4766,70,구름 조금,2023-10-03 23:00
16,ogsuni@hotmail.com,1964-12-14,1964,59,여자,경기도,제주도 서귀포시 중문동,3109,4441,70,구름 조금,2023-10-03 23:30
17,minji51@dreamwiz.com,2001-10-16,2001,22,여자,충청북도,경기도 성남시 중원구 상대원동,1485,2121,41,구름 조금,2023-10-03 0:00
17,minji51@dreamwiz.com,2001-10-16,2001,22,여자,충청북도,경기도 성남시 중원구 상대원동,3122,4460,41,구름 조금,2023-10-03 0:30
17,minji51@dreamwiz.com,2001-10-16,2001,22,여자,충청북도,경기도 성남시 중원구 상대원동,3319,4741,41,구름 조금,2023-10-03 1:00
17,minji51@dreamwiz.com,2001-10-16,2001,22,여자,충청북도,경기도 성남시 중원구 상대원동,2630,3757,41,구름 조금,2023-10-03 1:30
17,minji51@dreamwiz.com,2001-10-16,2001,22,여자,충청북도,경기도 성남시 중원구 상대원동,3210,4586,41,구름 조금,2023-10-03 2:00
17,minji51@dreamwiz.com,2001-10-16,2001,22,여자,충청북도,경기도 성남시 중원구 상대원동,3287,4696,41,구름 조금,2023-10-03 2:30
17,minji51@dreamwiz.com,2001-10-16,2001,22,여자,충청북도,경기도 성남시 중원구 상대원동,3844,5491,41,구름 조금,2023-10-03 3:00
17,minji51@dreamwiz.com,2001-10-16,2001,22,여자,충청북도,경기도 성남시 중원구 상대원동,1416,2023,41,구름 조금,2023-10-03 3:30
17,minji51@dreamwiz.com,2001-10-16,2001,22,여자,충청북도,경기도 성남시 중원구 상대원동,2213,3161,41,구름 조금,2023-10-03 4:00
17,minji51@dreamwiz.com,2001-10-16,2001,22,여자,충청북도,경기도 성남시 중원구 상대원동,1737,2481,41,구름 조금,2023-10-03 4:30
17,minji51@dreamwiz.com,2001-10-16,2001,22,여자,충청북도,경기도 성남시 중원구 상대원동,2039,2913,41,구름 조금,2023-10-03 5:00
17,minji51@dreamwiz.com,2001-10-16,2001,22,여자,충청북도,경기도 성남시 중원구 상대원동,2335,3336,41,구름 조금,2023-10-03 5:30
17,minji51@dreamwiz.com,2001-10-16,2001,22,여자,충청북도,경기도 성남시 중원구 상대원동,2601,3716,41,구름 조금,2023-10-03 6:00
17,minji51@dreamwiz.com,2001-10-16,2001,22,여자,충청북도,경기도 성남시 중원구 상대원동,876,1251,41,구름 조금,2023-10-03 6:30
17,minji51@dreamwiz.com,2001-10-16,2001,22,여자,충청북도,경기도 성남시 중원구 상대원동,558,797,41,구름 조금,2023-10-03 7:00
17,minji51@dreamwiz.com,2001-10-16,2001,22,여자,충청북도,경기도 성남시 중원구 상대원동,1298,1854,41,구름 조금,2023-10-03 7:30
17,minji51@dreamwiz.com,2001-10-16,2001,22,여자,충청북도,경기도 성남시 중원구 상대원동,2168,3097,41,구름 조금,2023-10-03 8:00
17,minji51@dreamwiz.com,2001-10-16,2001,22,여자,충청북도,경기도 성남시 중원구 상대원동,484,691,41,구름 조금,2023-10-03 8:30
17,minji51@dreamwiz.com,2001-10-16,2001,22,여자,충청북도,경기도 성남시 중원구 상대원동,1721,2459,41,구름 조금,2023-10-03 9:00
17,minji51@dreamwiz.com,2001-10-16,2001,22,여자,충청북도,경기도 성남시 중원구 상대원동,1960,2800,41,구름 조금,2023-10-03 9:30
17,minji51@dreamwiz.com,2001-10-16,2001,22,여자,충청북도,경기도 성남시 중원구 상대원동,2202,3146,41,구름 조금,2023-10-03 10:00
17,minji51@dreamwiz.com,2001-10-16,2001,22,여자,충청북도,경기도 성남시 중원구 상대원동,729,1041,41,구름 조금,2023-10-03 10:30
17,minji51@dreamwiz.com,2001-10-16,2001,22,여자,충청북도,경기도 성남시 중원구 상대원동,3449,4927,41,구름 조금,2023-10-03 11:00
17,minji51@dreamwiz.com,2001-10-16,2001,22,여자,충청북도,경기도 성남시 중원구 상대원동,3257,4653,41,구름 조금,2023-10-03 11:30
17,minji51@dreamwiz.com,2001-10-16,2001,22,여자,충청북도,경기도 성남시 중원구 상대원동,2200,3143,41,구름 조금,2023-10-03 12:00
17,minji51@dreamwiz.com,2001-10-16,2001,22,여자,충청북도,경기도 성남시 중원구 상대원동,1839,2627,41,구름 조금,2023-10-03 12:30
17,minji51@dreamwiz.com,2001-10-16,2001,22,여자,충청북도,경기도 성남시 중원구 상대원동,3485,4979,41,구름 조금,2023-10-03 13:00
17,minji51@dreamwiz.com,2001-10-16,2001,22,여자,충청북도,경기도 성남시 중원구 상대원동,3357,4796,41,구름 조금,2023-10-03 13:30
17,minji51@dreamwiz.com,2001-10-16,2001,22,여자,충청북도,경기도 성남시 중원구 상대원동,1188,1697,41,구름 조금,2023-10-03 14:00
17,minji51@dreamwiz.com,2001-10-16,2001,22,여자,충청북도,경기도 성남시 중원구 상대원동,2790,3986,41,구름 조금,2023-10-03 14:30
17,minji51@dreamwiz.com,2001-10-16,2001,22,여자,충청북도,경기도 성남시 중원구 상대원동,2044,2920,41,구름 조금,2023-10-03 15:00
17,minji51@dreamwiz.com,2001-10-16,2001,22,여자,충청북도,경기도 성남시 중원구 상대원동,1397,1996,41,구름 조금,2023-10-03 15:30
17,minji51@dreamwiz.com,2001-10-16,2001,22,여자,충청북도,경기도 성남시 중원구 상대원동,579,827,41,구름 조금,2023-10-03 16:00
17,minji51@dreamwiz.com,2001-10-16,2001,22,여자,충청북도,경기도 성남시 중원구 상대원동,3465,4950,41,소나기,2023-10-03 16:30
17,minji51@dreamwiz.com,2001-10-16,2001,22,여자,충청북도,경기도 성남시 중원구 상대원동,1369,1956,41,소나기,2023-10-03 17:00
17,minji51@dreamwiz.com,2001-10-16,2001,22,여자,충청북도,경기도 성남시 중원구 상대원동,3533,5047,41,소나기,2023-10-03 17:30
17,minji51@dreamwiz.com,2001-10-16,2001,22,여자,충청북도,경기도 성남시 중원구 상대원동,2340,3343,41,소나기,2023-10-03 18:00
17,minji51@dreamwiz.com,2001-10-16,2001,22,여자,충청북도,경기도 성남시 중원구 상대원동,3800,5429,41,소나기,2023-10-03 18:30
17,minji51@dreamwiz.com,2001-10-16,2001,22,여자,충청북도,경기도 성남시 중원구 상대원동,3666,5237,41,소나기,2023-10-03 19:00
17,minji51@dreamwiz.com,2001-10-16,2001,22,여자,충청북도,경기도 성남시 중원구 상대원동,493,704,41,구름 조금,2023-10-03 19:30
17,minji51@dreamwiz.com,2001-10-16,2001,22,여자,충청북도,경기도 성남시 중원구 상대원동,2561,3659,41,구름 조금,2023-10-03 20:00
17,minji51@dreamwiz.com,2001-10-16,2001,22,여자,충청북도,경기도 성남시 중원구 상대원동,875,1250,41,구름 조금,2023-10-03 20:30
17,minji51@dreamwiz.com,2001-10-16,2001,22,여자,충청북도,경기도 성남시 중원구 상대원동,1761,2516,41,구름 조금,2023-10-03 21:00
17,minji51@dreamwiz.com,2001-10-16,2001,22,여자,충청북도,경기도 성남시 중원구 상대원동,3766,5380,41,구름 조금,2023-10-03 21:30
17,minji51@dreamwiz.com,2001-10-16,2001,22,여자,충청북도,경기도 성남시 중원구 상대원동,2080,2971,41,구름 조금,2023-10-03 22:00
17,minji51@dreamwiz.com,2001-10-16,2001,22,여자,충청북도,경기도 성남시 중원구 상대원동,1288,1840,41,구름 조금,2023-10-03 22:30
17,minji51@dreamwiz.com,2001-10-16,2001,22,여자,충청북도,경기도 성남시 중원구 상대원동,2307,3296,41,구름 조금,2023-10-03 23:00
17,minji51@dreamwiz.com,2001-10-16,2001,22,여자,충청북도,경기도 성남시 중원구 상대원동,717,1024,41,구름 조금,2023-10-03 23:30
18,hwangmiyeong@live.com,1960-11-10,1960,63,남자,전라남도,서울특별시 마포구 서교동,582,831,52,대체로 흐림,2023-10-03 0:00
18,hwangmiyeong@live.com,1960-11-10,1960,63,남자,전라남도,서울특별시 마포구 서교동,1894,2706,52,대체로 흐림,2023-10-03 0:30
18,hwangmiyeong@live.com,1960-11-10,1960,63,남자,전라남도,서울특별시 마포구 서교동,2377,3396,52,대체로 흐림,2023-10-03 1:00
18,hwangmiyeong@live.com,1960-11-10,1960,63,남자,전라남도,서울특별시 마포구 서교동,1559,2227,52,대체로 흐림,2023-10-03 1:30
18,hwangmiyeong@live.com,1960-11-10,1960,63,남자,전라남도,서울특별시 마포구 서교동,3650,5214,52,대체로 흐림,2023-10-03 2:00
18,hwangmiyeong@live.com,1960-11-10,1960,63,남자,전라남도,서울특별시 마포구 서교동,2057,2939,52,대체로 흐림,2023-10-03 2:30
18,hwangmiyeong@live.com,1960-11-10,1960,63,남자,전라남도,서울특별시 마포구 서교동,2610,3729,52,대체로 흐림,2023-10-03 3:00
18,hwangmiyeong@live.com,1960-11-10,1960,63,남자,전라남도,서울특별시 마포구 서교동,653,933,52,대체로 흐림,2023-10-03 3:30
18,hwangmiyeong@live.com,1960-11-10,1960,63,남자,전라남도,서울특별시 마포구 서교동,3356,4794,52,대체로 흐림,2023-10-03 4:00
18,hwangmiyeong@live.com,1960-11-10,1960,63,남자,전라남도,서울특별시 마포구 서교동,3194,4563,52,대체로 흐림,2023-10-03 4:30
18,hwangmiyeong@live.com,1960-11-10,1960,63,남자,전라남도,서울특별시 마포구 서교동,1277,1824,52,대체로 흐림,2023-10-03 5:00
18,hwangmiyeong@live.com,1960-11-10,1960,63,남자,전라남도,서울특별시 마포구 서교동,3681,5259,52,대체로 흐림,2023-10-03 5:30
18,hwangmiyeong@live.com,1960-11-10,1960,63,남자,전라남도,서울특별시 마포구 서교동,1721,2459,52,대체로 흐림,2023-10-03 6:00
18,hwangmiyeong@live.com,1960-11-10,1960,63,남자,전라남도,서울특별시 마포구 서교동,1656,2366,52,대체로 흐림,2023-10-03 6:30
18,hwangmiyeong@live.com,1960-11-10,1960,63,남자,전라남도,서울특별시 마포구 서교동,483,690,52,대체로 흐림,2023-10-03 7:00
18,hwangmiyeong@live.com,1960-11-10,1960,63,남자,전라남도,서울특별시 마포구 서교동,2904,4149,52,대체로 흐림,2023-10-03 7:30
18,hwangmiyeong@live.com,1960-11-10,1960,63,남자,전라남도,서울특별시 마포구 서교동,3183,4547,52,대체로 흐림,2023-10-03 8:00
18,hwangmiyeong@live.com,1960-11-10,1960,63,남자,전라남도,서울특별시 마포구 서교동,2488,3554,52,대체로 흐림,2023-10-03 8:30
18,hwangmiyeong@live.com,1960-11-10,1960,63,남자,전라남도,서울특별시 마포구 서교동,3903,5576,52,대체로 흐림,2023-10-03 9:00
18,hwangmiyeong@live.com,1960-11-10,1960,63,남자,전라남도,서울특별시 마포구 서교동,2924,4177,52,대체로 흐림,2023-10-03 9:30
18,hwangmiyeong@live.com,1960-11-10,1960,63,남자,전라남도,서울특별시 마포구 서교동,1333,1904,52,대체로 흐림,2023-10-03 10:00
18,hwangmiyeong@live.com,1960-11-10,1960,63,남자,전라남도,서울특별시 마포구 서교동,1827,2610,52,대체로 흐림,2023-10-03 10:30
18,hwangmiyeong@live.com,1960-11-10,1960,63,남자,전라남도,서울특별시 마포구 서교동,3326,4751,52,대체로 흐림,2023-10-03 11:00
18,hwangmiyeong@live.com,1960-11-10,1960,63,남자,전라남도,서울특별시 마포구 서교동,941,1344,52,대체로 흐림,2023-10-03 11:30
18,hwangmiyeong@live.com,1960-11-10,1960,63,남자,전라남도,서울특별시 마포구 서교동,3431,4901,52,대체로 흐림,2023-10-03 12:00
18,hwangmiyeong@live.com,1960-11-10,1960,63,남자,전라남도,서울특별시 마포구 서교동,3044,4349,52,대체로 흐림,2023-10-03 12:30
18,hwangmiyeong@live.com,1960-11-10,1960,63,남자,전라남도,서울특별시 마포구 서교동,876,1251,52,대체로 흐림,2023-10-03 13:00
18,hwangmiyeong@live.com,1960-11-10,1960,63,남자,전라남도,서울특별시 마포구 서교동,2569,3670,52,대체로 흐림,2023-10-03 13:30
18,hwangmiyeong@live.com,1960-11-10,1960,63,남자,전라남도,서울특별시 마포구 서교동,1352,1931,52,대체로 흐림,2023-10-03 14:00
18,hwangmiyeong@live.com,1960-11-10,1960,63,남자,전라남도,서울특별시 마포구 서교동,1915,2736,52,대체로 흐림,2023-10-03 14:30
18,hwangmiyeong@live.com,1960-11-10,1960,63,남자,전라남도,서울특별시 마포구 서교동,2543,3633,52,대체로 흐림,2023-10-03 15:00
18,hwangmiyeong@live.com,1960-11-10,1960,63,남자,전라남도,서울특별시 마포구 서교동,2451,3501,52,대체로 흐림,2023-10-03 15:30
18,hwangmiyeong@live.com,1960-11-10,1960,63,남자,전라남도,서울특별시 마포구 서교동,3466,4951,52,대체로 흐림,2023-10-03 16:00
18,hwangmiyeong@live.com,1960-11-10,1960,63,남자,전라남도,서울특별시 마포구 서교동,2765,3950,52,대체로 흐림,2023-10-03 16:30
18,hwangmiyeong@live.com,1960-11-10,1960,63,남자,전라남도,서울특별시 마포구 서교동,1816,2594,52,구름 조금,2023-10-03 17:00
18,hwangmiyeong@live.com,1960-11-10,1960,63,남자,전라남도,서울특별시 마포구 서교동,3504,5006,52,구름 조금,2023-10-03 17:30
18,hwangmiyeong@live.com,1960-11-10,1960,63,남자,전라남도,서울특별시 마포구 서교동,1409,2013,52,구름 조금,2023-10-03 18:00
18,hwangmiyeong@live.com,1960-11-10,1960,63,남자,전라남도,서울특별시 마포구 서교동,3411,4873,52,구름 조금,2023-10-03 18:30
18,hwangmiyeong@live.com,1960-11-10,1960,63,남자,전라남도,서울특별시 마포구 서교동,2709,3870,52,구름 조금,2023-10-03 19:00
18,hwangmiyeong@live.com,1960-11-10,1960,63,남자,전라남도,서울특별시 마포구 서교동,1606,2294,52,구름 조금,2023-10-03 19:30
18,hwangmiyeong@live.com,1960-11-10,1960,63,남자,전라남도,서울특별시 마포구 서교동,3016,4309,52,맑음,2023-10-03 20:00
18,hwangmiyeong@live.com,1960-11-10,1960,63,남자,전라남도,서울특별시 마포구 서교동,1585,2264,52,맑음,2023-10-03 20:30
18,hwangmiyeong@live.com,1960-11-10,1960,63,남자,전라남도,서울특별시 마포구 서교동,2336,3337,52,맑음,2023-10-03 21:00
18,hwangmiyeong@live.com,1960-11-10,1960,63,남자,전라남도,서울특별시 마포구 서교동,816,1166,52,맑음,2023-10-03 21:30
18,hwangmiyeong@live.com,1960-11-10,1960,63,남자,전라남도,서울특별시 마포구 서교동,1076,1537,52,맑음,2023-10-03 22:00
18,hwangmiyeong@live.com,1960-11-10,1960,63,남자,전라남도,서울특별시 마포구 서교동,3749,5356,52,맑음,2023-10-03 22:30
18,hwangmiyeong@live.com,1960-11-10,1960,63,남자,전라남도,서울특별시 마포구 서교동,756,1080,52,맑음,2023-10-03 23:00
18,hwangmiyeong@live.com,1960-11-10,1960,63,남자,전라남도,서울특별시 마포구 서교동,3477,4967,52,맑음,2023-10-03 23:30
19,myeongsug07@gmail.com,1974-02-27,1974,49,남자,경기도,서울특별시 강북구 송중동,3914,5591,64,맑으나 때때로 구름,2023-10-03 0:00
19,myeongsug07@gmail.com,1974-02-27,1974,49,남자,경기도,서울특별시 강북구 송중동,2307,3296,64,맑으나 때때로 구름,2023-10-03 0:30
19,myeongsug07@gmail.com,1974-02-27,1974,49,남자,경기도,서울특별시 강북구 송중동,1063,1519,64,맑으나 때때로 구름,2023-10-03 1:00
19,myeongsug07@gmail.com,1974-02-27,1974,49,남자,경기도,서울특별시 강북구 송중동,730,1043,64,맑으나 때때로 구름,2023-10-03 1:30
19,myeongsug07@gmail.com,1974-02-27,1974,49,남자,경기도,서울특별시 강북구 송중동,2077,2967,64,맑으나 때때로 구름,2023-10-03 2:00
19,myeongsug07@gmail.com,1974-02-27,1974,49,남자,경기도,서울특별시 강북구 송중동,1575,2250,64,맑으나 때때로 구름,2023-10-03 2:30
19,myeongsug07@gmail.com,1974-02-27,1974,49,남자,경기도,서울특별시 강북구 송중동,2352,3360,64,맑으나 때때로 구름,2023-10-03 3:00
19,myeongsug07@gmail.com,1974-02-27,1974,49,남자,경기도,서울특별시 강북구 송중동,2333,3333,64,맑으나 때때로 구름,2023-10-03 3:30
19,myeongsug07@gmail.com,1974-02-27,1974,49,남자,경기도,서울특별시 강북구 송중동,755,1079,64,맑으나 때때로 구름,2023-10-03 4:00
19,myeongsug07@gmail.com,1974-02-27,1974,49,남자,경기도,서울특별시 강북구 송중동,1005,1436,64,맑으나 때때로 구름,2023-10-03 4:30
19,myeongsug07@gmail.com,1974-02-27,1974,49,남자,경기도,서울특별시 강북구 송중동,3278,4683,64,맑으나 때때로 구름,2023-10-03 5:00
19,myeongsug07@gmail.com,1974-02-27,1974,49,남자,경기도,서울특별시 강북구 송중동,1187,1696,64,맑으나 때때로 구름,2023-10-03 5:30
19,myeongsug07@gmail.com,1974-02-27,1974,49,남자,경기도,서울특별시 강북구 송중동,3060,4371,64,맑으나 때때로 구름,2023-10-03 6:00
19,myeongsug07@gmail.com,1974-02-27,1974,49,남자,경기도,서울특별시 강북구 송중동,2161,3087,64,맑으나 때때로 구름,2023-10-03 6:30
19,myeongsug07@gmail.com,1974-02-27,1974,49,남자,경기도,서울특별시 강북구 송중동,2024,2891,64,맑으나 때때로 구름,2023-10-03 7:00
19,myeongsug07@gmail.com,1974-02-27,1974,49,남자,경기도,서울특별시 강북구 송중동,3024,4320,64,맑으나 때때로 구름,2023-10-03 7:30
19,myeongsug07@gmail.com,1974-02-27,1974,49,남자,경기도,서울특별시 강북구 송중동,3711,5301,64,맑으나 때때로 구름,2023-10-03 8:00
19,myeongsug07@gmail.com,1974-02-27,1974,49,남자,경기도,서울특별시 강북구 송중동,1803,2576,64,맑으나 때때로 구름,2023-10-03 8:30
19,myeongsug07@gmail.com,1974-02-27,1974,49,남자,경기도,서울특별시 강북구 송중동,3307,4724,64,맑으나 때때로 구름,2023-10-03 9:00
19,myeongsug07@gmail.com,1974-02-27,1974,49,남자,경기도,서울특별시 강북구 송중동,3321,4744,64,맑으나 때때로 구름,2023-10-03 9:30
19,myeongsug07@gmail.com,1974-02-27,1974,49,남자,경기도,서울특별시 강북구 송중동,2922,4174,64,맑으나 때때로 구름,2023-10-03 10:00
19,myeongsug07@gmail.com,1974-02-27,1974,49,남자,경기도,서울특별시 강북구 송중동,726,1037,64,맑으나 때때로 구름,2023-10-03 10:30
19,myeongsug07@gmail.com,1974-02-27,1974,49,남자,경기도,서울특별시 강북구 송중동,1072,1531,64,맑으나 때때로 구름,2023-10-03 11:00
19,myeongsug07@gmail.com,1974-02-27,1974,49,남자,경기도,서울특별시 강북구 송중동,1149,1641,64,대체로 흐림,2023-10-03 11:30
19,myeongsug07@gmail.com,1974-02-27,1974,49,남자,경기도,서울특별시 강북구 송중동,2924,4177,64,대체로 흐림,2023-10-03 12:00
19,myeongsug07@gmail.com,1974-02-27,1974,49,남자,경기도,서울특별시 강북구 송중동,2872,4103,64,대체로 흐림,2023-10-03 12:30
19,myeongsug07@gmail.com,1974-02-27,1974,49,남자,경기도,서울특별시 강북구 송중동,770,1100,64,대체로 흐림,2023-10-03 13:00
19,myeongsug07@gmail.com,1974-02-27,1974,49,남자,경기도,서울특별시 강북구 송중동,1706,2437,64,대체로 흐림,2023-10-03 13:30
19,myeongsug07@gmail.com,1974-02-27,1974,49,남자,경기도,서울특별시 강북구 송중동,3500,5000,64,대체로 흐림,2023-10-03 14:00
19,myeongsug07@gmail.com,1974-02-27,1974,49,남자,경기도,서울특별시 강북구 송중동,2852,4074,64,대체로 흐림,2023-10-03 14:30
19,myeongsug07@gmail.com,1974-02-27,1974,49,남자,경기도,서울특별시 강북구 송중동,3880,5543,64,대체로 흐림,2023-10-03 15:00
19,myeongsug07@gmail.com,1974-02-27,1974,49,남자,경기도,서울특별시 강북구 송중동,3824,5463,64,대체로 흐림,2023-10-03 15:30
19,myeongsug07@gmail.com,1974-02-27,1974,49,남자,경기도,서울특별시 강북구 송중동,1485,2121,64,대체로 흐림,2023-10-03 16:00
19,myeongsug07@gmail.com,1974-02-27,1974,49,남자,경기도,서울특별시 강북구 송중동,2960,4229,64,대체로 흐림,2023-10-03 16:30
19,myeongsug07@gmail.com,1974-02-27,1974,49,남자,경기도,서울특별시 강북구 송중동,3784,5406,64,맑음,2023-10-03 17:00
19,myeongsug07@gmail.com,1974-02-27,1974,49,남자,경기도,서울특별시 강북구 송중동,2726,3894,64,맑음,2023-10-03 17:30
19,myeongsug07@gmail.com,1974-02-27,1974,49,남자,경기도,서울특별시 강북구 송중동,2360,3371,64,맑음,2023-10-03 18:00
19,myeongsug07@gmail.com,1974-02-27,1974,49,남자,경기도,서울특별시 강북구 송중동,1059,1513,64,맑음,2023-10-03 18:30
19,myeongsug07@gmail.com,1974-02-27,1974,49,남자,경기도,서울특별시 강북구 송중동,3093,4419,64,맑음,2023-10-03 19:00
19,myeongsug07@gmail.com,1974-02-27,1974,49,남자,경기도,서울특별시 강북구 송중동,1282,1831,64,맑음,2023-10-03 19:30
19,myeongsug07@gmail.com,1974-02-27,1974,49,남자,경기도,서울특별시 강북구 송중동,2960,4229,64,대체로 흐림,2023-10-03 20:00
19,myeongsug07@gmail.com,1974-02-27,1974,49,남자,경기도,서울특별시 강북구 송중동,2243,3204,64,대체로 흐림,2023-10-03 20:30
19,myeongsug07@gmail.com,1974-02-27,1974,49,남자,경기도,서울특별시 강북구 송중동,3651,5216,64,대체로 흐림,2023-10-03 21:00
19,myeongsug07@gmail.com,1974-02-27,1974,49,남자,경기도,서울특별시 강북구 송중동,1009,1441,64,대체로 흐림,2023-10-03 21:30
19,myeongsug07@gmail.com,1974-02-27,1974,49,남자,경기도,서울특별시 강북구 송중동,1525,2179,64,대체로 흐림,2023-10-03 22:00
19,myeongsug07@gmail.com,1974-02-27,1974,49,남자,경기도,서울특별시 강북구 송중동,583,833,64,대체로 흐림,2023-10-03 22:30
19,myeongsug07@gmail.com,1974-02-27,1974,49,남자,경기도,서울특별시 강북구 송중동,2129,3041,64,대체로 흐림,2023-10-03 23:00
19,myeongsug07@gmail.com,1974-02-27,1974,49,남자,경기도,서울특별시 강북구 송중동,1934,2763,64,대체로 흐림,2023-10-03 23:30
20,yeweon99@live.com,2010-10-21,2010,13,남자,서울특별시,서울특별시 서대문구 충정로동,523,747,63,맑으나 때때로 구름,2023-10-03 0:00
20,yeweon99@live.com,2010-10-21,2010,13,남자,서울특별시,서울특별시 서대문구 충정로동,3362,4803,63,맑으나 때때로 구름,2023-10-03 0:30
20,yeweon99@live.com,2010-10-21,2010,13,남자,서울특별시,서울특별시 서대문구 충정로동,3901,5573,63,맑으나 때때로 구름,2023-10-03 1:00
20,yeweon99@live.com,2010-10-21,2010,13,남자,서울특별시,서울특별시 서대문구 충정로동,1186,1694,63,맑으나 때때로 구름,2023-10-03 1:30
20,yeweon99@live.com,2010-10-21,2010,13,남자,서울특별시,서울특별시 서대문구 충정로동,3786,5409,63,맑으나 때때로 구름,2023-10-03 2:00
20,yeweon99@live.com,2010-10-21,2010,13,남자,서울특별시,서울특별시 서대문구 충정로동,2070,2957,63,맑으나 때때로 구름,2023-10-03 2:30
20,yeweon99@live.com,2010-10-21,2010,13,남자,서울특별시,서울특별시 서대문구 충정로동,1813,2590,63,맑으나 때때로 구름,2023-10-03 3:00
20,yeweon99@live.com,2010-10-21,2010,13,남자,서울특별시,서울특별시 서대문구 충정로동,3705,5293,63,맑으나 때때로 구름,2023-10-03 3:30
20,yeweon99@live.com,2010-10-21,2010,13,남자,서울특별시,서울특별시 서대문구 충정로동,1208,1726,63,맑으나 때때로 구름,2023-10-03 4:00
20,yeweon99@live.com,2010-10-21,2010,13,남자,서울특별시,서울특별시 서대문구 충정로동,2877,4110,63,맑으나 때때로 구름,2023-10-03 4:30
20,yeweon99@live.com,2010-10-21,2010,13,남자,서울특별시,서울특별시 서대문구 충정로동,2456,3509,63,맑으나 때때로 구름,2023-10-03 5:00
20,yeweon99@live.com,2010-10-21,2010,13,남자,서울특별시,서울특별시 서대문구 충정로동,1459,2084,63,맑으나 때때로 구름,2023-10-03 5:30
20,yeweon99@live.com,2010-10-21,2010,13,남자,서울특별시,서울특별시 서대문구 충정로동,3737,5339,63,맑으나 때때로 구름,2023-10-03 6:00
20,yeweon99@live.com,2010-10-21,2010,13,남자,서울특별시,서울특별시 서대문구 충정로동,2037,2910,63,맑으나 때때로 구름,2023-10-03 6:30
20,yeweon99@live.com,2010-10-21,2010,13,남자,서울특별시,서울특별시 서대문구 충정로동,1392,1989,63,맑으나 때때로 구름,2023-10-03 7:00
20,yeweon99@live.com,2010-10-21,2010,13,남자,서울특별시,서울특별시 서대문구 충정로동,3591,5130,63,맑으나 때때로 구름,2023-10-03 7:30
20,yeweon99@live.com,2010-10-21,2010,13,남자,서울특별시,서울특별시 서대문구 충정로동,2883,4119,63,맑으나 때때로 구름,2023-10-03 8:00
20,yeweon99@live.com,2010-10-21,2010,13,남자,서울특별시,서울특별시 서대문구 충정로동,2416,3451,63,맑으나 때때로 구름,2023-10-03 8:30
20,yeweon99@live.com,2010-10-21,2010,13,남자,서울특별시,서울특별시 서대문구 충정로동,3440,4914,63,맑으나 때때로 구름,2023-10-03 9:00
20,yeweon99@live.com,2010-10-21,2010,13,남자,서울특별시,서울특별시 서대문구 충정로동,3293,4704,63,맑으나 때때로 구름,2023-10-03 9:30
20,yeweon99@live.com,2010-10-21,2010,13,남자,서울특별시,서울특별시 서대문구 충정로동,3651,5216,63,맑으나 때때로 구름,2023-10-03 10:00
20,yeweon99@live.com,2010-10-21,2010,13,남자,서울특별시,서울특별시 서대문구 충정로동,1845,2636,63,맑으나 때때로 구름,2023-10-03 10:30
20,yeweon99@live.com,2010-10-21,2010,13,남자,서울특별시,서울특별시 서대문구 충정로동,776,1109,63,맑으나 때때로 구름,2023-10-03 11:00
20,yeweon99@live.com,2010-10-21,2010,13,남자,서울특별시,서울특별시 서대문구 충정로동,2575,3679,63,대체로 흐림,2023-10-03 11:30
20,yeweon99@live.com,2010-10-21,2010,13,남자,서울특별시,서울특별시 서대문구 충정로동,2151,3073,63,대체로 흐림,2023-10-03 12:00
20,yeweon99@live.com,2010-10-21,2010,13,남자,서울특별시,서울특별시 서대문구 충정로동,1054,1506,63,대체로 흐림,2023-10-03 12:30
20,yeweon99@live.com,2010-10-21,2010,13,남자,서울특별시,서울특별시 서대문구 충정로동,1669,2384,63,대체로 흐림,2023-10-03 13:00
20,yeweon99@live.com,2010-10-21,2010,13,남자,서울특별시,서울특별시 서대문구 충정로동,759,1084,63,대체로 흐림,2023-10-03 13:30
20,yeweon99@live.com,2010-10-21,2010,13,남자,서울특별시,서울특별시 서대문구 충정로동,1595,2279,63,대체로 흐림,2023-10-03 14:00
20,yeweon99@live.com,2010-10-21,2010,13,남자,서울특별시,서울특별시 서대문구 충정로동,2316,3309,63,대체로 흐림,2023-10-03 14:30
20,yeweon99@live.com,2010-10-21,2010,13,남자,서울특별시,서울특별시 서대문구 충정로동,3602,5146,63,대체로 흐림,2023-10-03 15:00
20,yeweon99@live.com,2010-10-21,2010,13,남자,서울특별시,서울특별시 서대문구 충정로동,2583,3690,63,대체로 흐림,2023-10-03 15:30
20,yeweon99@live.com,2010-10-21,2010,13,남자,서울특별시,서울특별시 서대문구 충정로동,683,976,63,대체로 흐림,2023-10-03 16:00
20,yeweon99@live.com,2010-10-21,2010,13,남자,서울특별시,서울특별시 서대문구 충정로동,628,897,63,대체로 흐림,2023-10-03 16:30
20,yeweon99@live.com,2010-10-21,2010,13,남자,서울특별시,서울특별시 서대문구 충정로동,1070,1529,63,맑음,2023-10-03 17:00
20,yeweon99@live.com,2010-10-21,2010,13,남자,서울특별시,서울특별시 서대문구 충정로동,2977,4253,63,맑음,2023-10-03 17:30
20,yeweon99@live.com,2010-10-21,2010,13,남자,서울특별시,서울특별시 서대문구 충정로동,2901,4144,63,맑음,2023-10-03 18:00
20,yeweon99@live.com,2010-10-21,2010,13,남자,서울특별시,서울특별시 서대문구 충정로동,770,1100,63,맑음,2023-10-03 18:30
20,yeweon99@live.com,2010-10-21,2010,13,남자,서울특별시,서울특별시 서대문구 충정로동,2263,3233,63,맑음,2023-10-03 19:00
20,yeweon99@live.com,2010-10-21,2010,13,남자,서울특별시,서울특별시 서대문구 충정로동,1322,1889,63,맑음,2023-10-03 19:30
20,yeweon99@live.com,2010-10-21,2010,13,남자,서울특별시,서울특별시 서대문구 충정로동,2401,3430,63,대체로 흐림,2023-10-03 20:00
20,yeweon99@live.com,2010-10-21,2010,13,남자,서울특별시,서울특별시 서대문구 충정로동,549,784,63,대체로 흐림,2023-10-03 20:30
20,yeweon99@live.com,2010-10-21,2010,13,남자,서울특별시,서울특별시 서대문구 충정로동,2228,3183,63,대체로 흐림,2023-10-03 21:00
20,yeweon99@live.com,2010-10-21,2010,13,남자,서울특별시,서울특별시 서대문구 충정로동,3097,4424,63,대체로 흐림,2023-10-03 21:30
20,yeweon99@live.com,2010-10-21,2010,13,남자,서울특별시,서울특별시 서대문구 충정로동,1188,1697,63,대체로 흐림,2023-10-03 22:00
20,yeweon99@live.com,2010-10-21,2010,13,남자,서울특별시,서울특별시 서대문구 충정로동,2826,4037,63,대체로 흐림,2023-10-03 22:30
20,yeweon99@live.com,2010-10-21,2010,13,남자,서울특별시,서울특별시 서대문구 충정로동,2717,3881,63,대체로 흐림,2023-10-03 23:00
20,yeweon99@live.com,2010-10-21,2010,13,남자,서울특별시,서울특별시 서대문구 충정로동,3463,4947,63,대체로 흐림,2023-10-03 23:30
